stationid,absolute_increase_per_year,relative_increase_per_year_in_% (absolute_increase / middle_value_from_all_years)
1001099999,2.41,4.02
1003099999,11.41,14.89
1008099999,0.06,0.24
1010099999,3.94,5.22
1023099999,-1.09,-2.0
1025099999,-0.79,-1.01
1028099999,0.3,0.6
1047099999,-0.39,-0.9
1049099999,-1.66,-3.92
1062099999,0.55,1.17
1078099999,-4.35,-9.99
1098099999,1.35,2.97
1115099999,-1.63,-3.03
1152099999,-2.15,-2.76
1167099999,5.04,4.57
1199099999,8.13,14.98
1210099999,0.4,0.46
1212099999,-6.85,-9.98
1218099999,1.83,1.94
1228099999,-2.23,-4.75
1238099999,22.05,33.39
1240099999,-3.02,-6.69
1241099999,0.78,1.2
1262099999,-2.4,-7.99
1271099999,2.19,3.08
1288099999,3.05,6.5
1317099999,4.2,3.3
1364099999,6.15,10.89
1366099999,5.6,18.11
1367099999,-4.05,-7.61
1374099999,-0.51,-0.93
1378099999,1.88,3.99
1384099999,-0.05,-0.06
1389099999,-0.14,-0.23
1403099999,0.16,0.2
1415099999,0.35,0.34
1424099999,4.0,2.79
1425099999,1.71,0.92
1427099999,-0.71,-0.79
1442099999,-3.35,-3.41
1452099999,-2.86,-3.22
1455099999,-1.18,-1.55
1465099999,-2.86,-4.55
1477099999,-2.42,-2.72
1488099999,5.85,5.4
1494099999,-0.85,-1.16
2020099999,-0.2,-0.32
2036099999,1.01,2.08
2049099999,-0.19,-0.36
2124099999,0.42,0.81
2154099999,0.31,0.53
2181099999,0.61,1.63
2186099999,-1.2,-2.06
2188099999,0.21,0.53
2221099999,0.19,0.38
2245099999,0.62,1.48
2247099999,-1.95,-4.92
2269099999,0.5,1.15
2308099999,-1.12,-2.7
2338099999,0.07,0.15
2355099999,1.67,4.22
2408099999,-1.07,-2.23
2453099999,0.45,0.82
2456099999,-0.03,-0.04
2458099999,1.97,2.97
2476099999,-2.07,-4.58
2488099999,-0.93,-2.45
2500099999,-0.24,-0.38
2505099999,-2.56,-5.83
2513099999,-0.77,-1.23
2518099999,-0.55,-1.51
2520099999,0.35,0.57
2536099999,0.57,1.14
2556099999,1.63,2.98
2562099999,-0.99,-1.43
2567099999,0.21,0.69
2575099999,-0.62,-1.66
2605099999,-3.39,-6.68
2611099999,-0.78,-1.71
2622099999,-2.77,-5.39
2625099999,-2.43,-5.25
2628099999,-1.25,-2.98
2644099999,-1.62,-4.12
2664099999,1.25,2.07
2801099999,0.88,1.86
2823099999,1.07,2.52
2836099999,-0.22,-0.52
2845099999,0.0,0.0
2874099999,-0.93,-2.88
2910099999,-3.64,-7.62
2913099999,0.54,1.23
2915099999,1.5,3.0
2935099999,-1.33,-2.49
2942099999,3.72,4.37
2963099999,1.45,3.0
2974099999,1.07,1.75
2976099999,4.74,11.01
2981099999,-0.81,-1.74
2982099999,3.4,8.61
3002099999,-2.22,-4.25
3005099999,1.4,2.04
3008099999,-0.37,-0.67
3017099999,0.73,1.27
3023099999,4.65,7.91
3026099999,0.25,0.37
3031099999,7.74,7.0
3034099999,2.29,2.61
3044099999,5.09,6.23
3047099999,7.17,5.84
3062099999,-0.78,-1.79
3063099999,9.11,10.3
3066099999,0.04,0.07
3068099999,-1.09,-2.21
3075099999,0.16,0.29
3080099999,3.48,4.85
3088099999,-0.02,-0.05
3091099999,1.82,2.67
3100099999,1.96,2.81
3111099999,0.84,1.2
3132099999,0.8,1.16
3136099999,0.33,0.64
3144099999,2.19,3.29
3153099999,1.47,2.11
3155099999,9.2,12.91
3158099999,1.24,2.33
3162099999,-2.1,-2.0
3171099999,1.39,2.1
3204099999,1.0,1.47
3210099999,-0.46,-0.71
3212099999,1.71,1.45
3214099999,3.14,5.3
3220099999,1.99,3.77
3224099999,5.45,5.73
3225099999,4.57,3.41
3226099999,0.42,0.71
3230099999,4.39,8.69
3240099999,0.38,0.66
3257099999,-3.13,-5.68
3265099999,-2.68,-5.6
3266099999,-0.68,-1.31
3275099999,-1.26,-2.31
3302099999,2.53,3.86
3305099999,0.0,0.0
3313099999,0.58,1.07
3316099999,-6.72,-10.47
3318099999,0.37,0.74
3321099999,-1.04,-2.23
3344099999,-0.71,-0.85
3354099999,4.66,9.06
3373099999,2.87,5.08
3377099999,-0.32,-0.6
3379099999,1.26,2.47
3391099999,1.04,2.03
3392099999,0.73,1.9
3405099999,2.92,4.69
3410099999,0.88,0.81
3414099999,-1.03,-2.37
3462099999,-2.39,-4.48
3469099999,2.46,5.17
3482099999,4.28,7.2
3488099999,0.55,1.11
3502099999,4.6,7.3
3503099999,-1.5,-2.04
3507099999,3.66,5.29
3520099999,1.88,3.74
3529099999,-3.24,-6.22
3544099999,-0.3,-0.65
3560099999,2.89,5.76
3590099999,5.81,10.05
3604099999,-4.19,-5.05
3605099999,-0.71,-1.15
3609099999,-0.47,-0.77
3647099999,-0.33,-0.6
3649099999,-1.79,-3.11
3658099999,2.79,5.78
3660099999,0.29,0.53
3672099999,1.83,2.95
3684099999,4.53,7.86
3693099999,0.2,0.44
3707099999,-1.25,-2.14
3710099999,-0.19,-0.23
3740099999,0.06,0.13
3743099999,-1.81,-3.61
3746099999,-0.85,-1.42
3749099999,0.62,1.05
3761099999,4.96,8.19
3768099999,3.69,6.38
3772099999,0.41,0.75
3781099999,0.39,0.68
3797035047,0.52,1.16
3803099999,-1.83,-3.21
3808099999,-1.22,-1.89
3809099999,1.36,1.74
3823099999,1.06,1.27
3827099999,1.0,1.44
3840099999,-1.73,-2.56
3853099999,-2.08,-3.3
3857099999,-6.05,-6.54
3862099999,-0.72,-1.13
3866099999,-2.17,-4.09
3872099999,1.5,2.93
3876099999,0.06,0.11
3882099999,0.1,0.14
3894099999,-5.06,-6.15
3904099999,2.85,4.52
3911099999,0.79,0.96
3915099999,-0.81,-1.42
3916099999,0.32,0.4
3917099999,0.74,1.16
3923099999,-1.6,-2.48
3953099999,1.03,1.01
3955099999,-3.77,-4.35
3962099999,1.4,2.14
3967099999,2.14,3.34
3969099999,0.88,1.56
3970099999,1.23,1.68
3971099999,0.83,1.63
3973099999,-2.13,-3.07
3976099999,-1.35,-2.08
3980099999,-1.12,-1.84
4202099999,-4.9,-12.13
4220099999,0.1,0.26
4231099999,-1.65,-6.47
4272099999,-2.07,-2.14
4360099999,5.19,4.67
4390099999,2.3,1.94
6011099999,-1.48,-1.68
6030099999,-1.16,-2.06
6041099999,-2.15,-3.77
6052099999,-0.71,-1.21
6058099999,0.79,1.76
6060099999,-0.72,-1.18
6070099999,-5.04,-7.29
6079099999,-2.79,-4.79
6081099999,-0.57,-2.11
6104099999,-0.57,-1.07
6110099999,-1.75,-3.23
6119099999,0.48,1.23
6120099999,0.95,2.32
6156099999,-3.47,-7.92
6159099999,-0.69,-1.71
6169099999,-1.49,-4.06
6170099999,-1.77,-4.06
6180099999,-3.39,-6.95
6193099999,-3.03,-6.61
6235099999,-0.61,-0.74
6240099999,1.04,1.57
6251099999,1.22,2.29
6260099999,0.05,0.06
6269099999,-0.67,-1.1
6270099999,-1.02,-1.35
6273099999,-0.38,-0.61
6275099999,-0.43,-0.77
6277099999,-0.3,-0.5
6279099999,0.14,0.23
6280099999,-0.77,-1.06
6283099999,-0.97,-1.63
6286099999,-2.79,-4.7
6290099999,-3.83,-6.15
6310099999,-0.53,-0.79
6319099999,-0.52,-0.93
6330099999,0.52,0.71
6344099999,-0.11,-0.1
6348099999,-2.49,-3.84
6350099999,0.92,1.53
6356099999,-3.47,-6.2
6370099999,-1.32,-2.43
6375099999,-0.39,-0.6
6380099999,1.55,2.26
6391099999,-1.67,-3.07
6400099999,-3.44,-6.36
6407099999,-1.92,-3.18
6428099999,-1.3,-1.91
6431099999,1.12,2.05
6432099999,0.69,1.0
6447099999,0.76,1.18
6449099999,-0.47,-0.54
6450099999,-1.58,-2.09
6451099999,-0.52,-0.79
6456099999,-3.79,-4.74
6458099999,-3.2,-4.7
6476099999,-0.28,-0.38
6478099999,1.33,2.26
6479099999,-2.55,-4.13
6490099999,-0.94,-1.31
6496099999,-2.39,-2.15
6590099999,3.67,4.88
6604099999,0.65,0.8
6605099999,-0.97,-1.12
6610099999,2.0,2.98
6612099999,2.39,2.23
6616099999,-0.5,-0.73
6628099999,0.42,0.49
6639099999,0.91,0.87
6643099999,0.49,0.57
6660099999,0.08,0.09
6670099999,-0.81,-1.01
6672099999,5.14,5.61
6680099999,2.46,1.4
6681099999,3.49,3.47
6689099999,-2.18,-3.2
6700099999,-1.26,-1.44
6702099999,5.97,4.65
6712099999,1.96,3.12
6720099999,12.12,16.84
6724099999,0.49,0.55
6734099999,-2.28,-2.8
6750099999,2.55,1.97
6753099999,3.14,1.89
6756099999,-0.37,-0.22
6759099999,1.75,1.03
6760099999,6.62,3.21
6762099999,4.64,2.38
6770099999,4.42,3.04
6771099999,6.99,4.53
6780099999,2.52,2.75
6782099999,20.62,16.37
6783099999,5.05,3.42
6786099999,11.47,12.55
6791099999,0.5,0.62
6792099999,7.78,10.4
6794099999,9.03,8.6
6990099999,2.04,2.26
7002099999,-0.2,-0.33
7003099999,0.08,0.16
7005099999,-1.09,-1.89
7010099999,-0.11,-0.19
7015099999,-0.68,-1.14
7020099999,1.02,2.07
7024099999,-1.37,-2.19
7027099999,2.75,4.25
7028099999,-2.47,-3.42
7031099999,0.84,1.58
7037099999,-0.84,-1.36
7038034061,0.63,1.19
7040099999,-0.46,-0.72
7055099999,-1.49,-3.14
7057099999,0.71,1.22
7061099999,0.77,1.38
7075099999,-1.43,-2.25
7100099999,-0.41,-0.54
7106099999,-1.8,-2.57
7107099999,-0.56,-0.86
7109099999,-2.4,-3.52
7110099999,-4.95,-6.1
7120099999,2.54,4.08
7125099999,-3.36,-7.92
7130099999,0.52,0.83
7139099999,2.42,3.95
7140099999,0.29,0.52
7143099999,0.37,0.74
7146099999,0.82,2.24
7147099999,1.63,2.6
7149099999,-0.87,-1.9
7150099999,0.2,0.44
7153099999,1.55,3.81
7156099999,0.62,1.25
7157099999,-0.1,-0.17
7168099999,0.72,1.36
7169099999,0.22,0.34
7180099999,-3.29,-4.97
7181099999,1.61,2.66
7190099999,-1.03,-1.76
7197099999,-2.69,-4.94
7201099999,5.17,6.51
7203099999,-0.9,-1.64
7205099999,-2.32,-3.44
7207099999,-0.59,-1.09
7217099999,-3.33,-6.29
7222099999,-0.05,-0.07
7230099999,0.63,1.11
7235099999,-0.14,-0.26
7240099999,-1.0,-1.46
7247099999,1.2,2.34
7249099999,0.97,1.62
7255099999,-2.39,-3.84
7257099999,0.23,0.52
7260099999,-0.02,-0.03
7280099999,0.78,1.18
7283099999,2.73,4.24
7288099999,0.86,1.02
7292099999,-0.18,-0.21
7299099999,-1.4,-1.57
7300099999,0.15,0.27
7306099999,0.04,0.05
7314099999,-0.29,-0.48
7315099999,0.77,1.18
7330099999,0.07,0.1
7335099999,0.59,1.16
7354034048,0.25,0.43
7374099999,2.86,5.33
7379099999,-3.39,-5.13
7385099999,-0.01,-0.02
7412099999,-0.12,-0.17
7434099999,-1.02,-1.44
7438099999,1.56,2.95
7460099999,0.91,1.31
7471099999,0.25,0.32
7475099999,-0.87,-1.75
7480099999,-0.42,-0.58
7481099999,2.02,2.41
7482099999,-2.21,-2.47
7486099999,2.5,2.54
7491099999,-0.93,-1.06
7497099999,-1.45,-1.53
7500099999,-1.1,-1.76
7502099999,3.81,5.05
7503099999,0.94,1.4
7510099999,1.01,1.21
7524099999,2.26,3.89
7530099999,3.21,4.88
7535099999,-1.17,-1.62
7549099999,0.19,0.2
7552099999,-0.56,-1.1
7558099999,-0.61,-0.85
7560099999,-2.05,-0.92
7577099999,-4.57,-3.66
7579099999,-0.61,-0.67
7586099999,-1.96,-2.95
7588099999,0.41,0.45
7591099999,0.33,0.44
7600099999,5.17,4.11
7602099999,-1.16,-0.93
7603099999,0.59,0.64
7607099999,2.39,2.99
7610099999,1.62,1.75
7621099999,1.13,1.31
7622099999,0.67,1.29
7627099999,-0.45,-0.6
7630099999,-0.91,-1.47
7632099999,0.74,1.19
7635099999,2.38,3.18
7641099999,-2.53,-3.33
7643099999,-0.77,-0.76
7645099999,-1.25,-1.14
7646099999,-3.88,-6.22
7647099999,4.21,5.21
7648099999,0.98,1.14
7650099999,-0.14,-0.17
7660099999,0.58,0.7
7661099999,-2.27,-2.73
7667099999,-3.95,-3.58
7675099999,-9.69,-10.06
7678099999,-2.57,-2.76
7684099999,1.75,2.38
7690099999,-1.61,-1.52
7747099999,-0.94,-0.96
7749099999,3.45,3.35
7753099999,-2.99,-5.58
7754099999,0.41,0.52
7761099999,-0.14,-0.15
7765099999,-2.22,-1.72
7770099999,0.53,0.51
7780099999,0.36,0.6
7785099999,-0.7,-0.98
7790099999,-4.2,-3.21
8001099999,1.9,2.06
8011099999,1.49,1.56
8015099999,4.31,5.42
8021099999,2.82,2.65
8023099999,8.7,8.49
8025099999,-0.4,-0.33
8027099999,0.95,0.74
8029099999,4.42,2.92
8042099999,0.13,0.09
8044099999,1.59,1.27
8045099999,-2.33,-1.29
8055099999,0.31,0.57
8075099999,-0.84,-1.5
8080099999,-0.82,-1.1
8084099999,0.94,1.57
8085099999,1.3,1.77
8140099999,0.77,1.5
8141099999,-0.54,-1.05
8160099999,0.72,1.51
8171099999,1.08,1.74
8175099999,-4.57,-4.44
8181099999,1.53,1.61
8184099999,3.06,3.49
8202099999,-0.3,-0.65
8213099999,-2.64,-6.66
8215099999,4.83,3.63
8221099999,0.45,0.79
8223099999,0.4,0.86
8224099999,-1.09,-1.91
8231099999,3.93,7.92
8238099999,1.67,1.77
8261099999,0.86,1.08
8272099999,-2.59,-4.97
8280099999,4.0,5.52
8284099999,-1.04,-1.05
8306099999,1.0,1.2
8314099999,3.34,4.1
8330099999,0.99,1.48
8348099999,-1.49,-2.62
8360099999,4.87,7.01
8373099999,2.07,2.47
8391099999,1.86,2.41
8397099999,-4.4,-6.35
8410099999,-2.8,-3.19
8419099999,0.4,0.79
8429099999,7.51,10.79
8430099999,5.0,8.51
8433099999,8.21,12.99
8451099999,2.17,2.58
8482099999,-5.28,-4.22
8487099999,1.67,2.88
8495099999,0.31,0.23
8501099999,-0.28,-0.24
8505099999,4.66,5.27
8509099999,-1.25,-0.91
8512099999,2.64,2.91
8515099999,1.86,1.75
8521099999,-1.5,-1.45
8522099999,-4.76,-5.8
8524099999,-0.47,-0.65
8534099999,1.51,2.26
8540099999,-0.42,-0.49
8541099999,0.17,0.28
8545099999,0.68,0.56
8548099999,4.17,4.56
8554099999,-2.24,-2.55
8558099999,0.86,1.16
8560099999,2.5,2.03
8562099999,-3.1,-4.64
8567099999,-0.93,-0.9
8568099999,4.77,4.22
8570099999,1.76,2.07
8571099999,-0.19,-0.21
8575099999,1.7,2.0
8579099999,3.21,3.78
8594099999,1.32,1.75
10607099999,0.95,2.14
10614099999,-5.71,-10.33
11001099999,-3.18,-5.18
11008099999,-1.38,-1.85
11010099999,-0.15,-0.19
11012099999,2.37,3.17
11018099999,1.69,2.19
11019099999,-4.4,-6.57
11020099999,-2.11,-3.49
11021099999,-0.81,-1.1
11022099999,1.18,2.17
11024099999,-3.24,-4.82
11030099999,-0.25,-0.39
11032099999,-0.47,-0.77
11034099999,-1.52,-2.31
11035099999,-0.1,-0.15
11036099999,-2.57,-3.82
11051099999,-0.0,-0.0
11055099999,0.64,1.06
11060099999,-3.84,-5.51
11075099999,-3.81,-7.09
11078099999,-3.5,-3.32
11082099999,-5.03,-7.97
11101099999,-0.13,-0.12
11105099999,2.36,2.4
11112099999,0.71,1.18
11120099999,-1.24,-1.42
11126099999,3.04,3.75
11130099999,5.38,4.87
11136099999,6.9,8.31
11138099999,1.6,1.31
11141099999,0.64,0.99
11144099999,-0.8,-1.02
11146099999,-6.58,-7.8
11149099999,0.51,0.79
11150099999,-0.06,-0.07
11152099999,-2.52,-3.33
11155099999,-10.71,-7.91
11157099999,1.58,1.97
11165099999,2.16,3.46
11170099999,-11.89,-8.41
11180099999,-3.42,-3.88
11182099999,1.39,2.2
11185099999,-3.78,-4.81
11190099999,-1.52,-2.86
11192099999,-1.42,-2.43
11204099999,6.05,6.21
11213099999,2.14,2.51
11231099999,4.33,5.31
11240099999,3.26,3.86
11241099999,0.23,0.25
11252099999,3.64,4.97
11255099999,1.4,1.08
11270099999,1.29,1.0
11275099999,0.5,0.65
11280099999,0.65,0.99
11292099999,-0.65,-0.86
11302099999,5.11,4.62
11308099999,-0.36,-0.26
11310099999,1.54,2.42
11340099999,4.56,5.37
11346099999,2.85,3.47
11348099999,-2.5,-4.7
11350099999,-0.99,-0.98
11351099999,0.59,0.67
11355099999,1.61,1.65
11356099999,-6.22,-5.94
11357099999,-3.98,-4.03
11358099999,-3.36,-3.73
11380099999,0.23,0.28
11382099999,-0.26,-0.35
11384099999,-0.21,-0.3
11385099999,-7.0,-9.8
11406099999,1.86,2.97
11414099999,8.99,14.95
11423099999,6.74,10.19
11438099999,0.14,0.27
11457099999,23.39,20.42
11464099999,11.68,15.01
11487099999,4.96,7.71
11502099999,-3.35,-6.34
11509099999,-1.85,-3.47
11518099999,7.11,10.69
11520099999,9.6,16.05
11538099999,-1.74,-2.84
11567099999,4.16,8.53
11603099999,5.67,6.58
11624099999,2.76,4.87
11628099999,9.73,13.7
11636099999,-1.27,-2.09
11643099999,-3.44,-3.31
11652099999,-2.49,-4.64
11659099999,-1.09,-1.64
11679099999,-1.05,-1.75
11683099999,14.66,13.28
11692099999,13.37,15.53
11693099999,1.02,1.87
11698099999,-1.66,-2.85
11710099999,7.18,10.59
11723099999,9.58,14.41
11766099999,1.54,2.56
11774099999,6.25,9.37
11782099999,-1.42,-2.15
11787099999,-0.08,-0.07
11816099999,-0.59,-0.85
11826099999,7.19,9.64
11841099999,-0.67,-1.02
11855099999,1.13,2.2
11858099999,3.84,5.88
11867099999,4.99,6.84
11880099999,5.65,7.59
11916099999,1.19,1.47
11918099999,-2.08,-2.79
11927099999,-0.09,-0.13
11930099999,-1.99,-1.67
11933099999,14.35,15.74
11934099999,9.88,12.18
11938099999,-5.49,-7.11
11968099999,0.92,1.24
11976099999,2.68,3.31
11978099999,2.59,6.01
11993099999,1.31,1.59
12100099999,-0.63,-1.13
12105099999,-4.23,-7.49
12115099999,-0.55,-1.03
12120099999,0.85,1.4
12125099999,-2.07,-3.82
12135099999,2.01,3.6
12160099999,0.82,1.41
12185099999,4.22,8.23
12195099999,1.78,2.98
12200099999,-1.06,-2.03
12205099999,1.91,3.55
12210099999,-1.51,-3.19
12215099999,1.01,2.02
12235099999,-0.68,-1.47
12250099999,0.98,1.62
12270099999,-0.65,-1.18
12272099999,1.31,2.54
12280099999,1.27,2.28
12285099999,1.59,2.69
12295099999,-0.68,-1.24
12300099999,1.56,3.45
12310099999,-2.78,-5.09
12330099999,0.72,1.71
12345099999,-2.69,-5.02
12360099999,-1.49,-3.08
12375099999,6.46,9.2
12385099999,-1.17,-2.16
12399099999,1.56,2.94
12400099999,-1.02,-1.76
12415099999,-1.38,-2.27
12424099999,1.91,2.9
12435099999,-0.07,-0.15
12455099999,-2.29,-4.65
12469099999,-0.16,-0.32
12488099999,3.71,6.89
12495099999,-0.26,-0.4
12497099999,0.03,0.05
12500099999,-4.24,-6.31
12510099999,-1.42,-1.55
12520099999,-0.19,-0.32
12530099999,3.65,6.68
12540099999,-1.55,-2.46
12550099999,4.58,6.83
12560099999,-0.5,-0.78
12566099999,-6.46,-10.9
12570099999,-0.95,-1.61
12575099999,-3.64,-4.77
12580099999,-1.48,-2.54
12585099999,0.36,0.57
12595099999,1.34,2.24
12600099999,-2.0,-2.13
12625099999,-3.13,-2.93
12650099999,-3.49,-2.45
12660099999,-1.78,-2.53
12670099999,-3.15,-4.07
12690099999,1.09,1.47
12695099999,0.56,0.89
12772099999,0.29,0.42
12805099999,-2.89,-3.89
12812099999,1.55,2.07
12815099999,0.59,1.01
12822099999,-2.08,-3.11
12830099999,-0.38,-0.51
12843099999,0.08,0.11
12851099999,-2.54,-2.87
12860099999,1.49,2.5
12870099999,1.77,2.78
12882099999,-0.89,-1.65
12892099999,-1.3,-1.91
12910099999,3.96,5.44
12915099999,2.99,4.21
12925099999,1.06,1.54
12935099999,0.09,0.11
12942099999,-0.41,-0.53
12950099999,-0.53,-0.9
12960099999,-1.56,-2.2
12970099999,-1.94,-3.48
12982099999,1.32,2.14
12992099999,1.25,2.67
13067099999,0.3,0.54
13116099999,6.81,7.79
13160099999,3.58,6.06
13168099999,3.7,4.98
13173099999,1.38,2.62
13174099999,-0.92,-1.92
13180099999,0.26,0.45
13183099999,-1.01,-1.37
13262099999,3.75,4.86
13266099999,1.03,1.95
13269099999,3.88,5.38
13272099999,2.4,2.98
13274099999,2.06,3.1
13279099999,2.89,4.28
13285099999,0.76,1.2
13289099999,2.06,2.66
13295099999,0.18,0.28
13363099999,-0.32,-0.52
13367099999,-2.43,-3.32
13369099999,2.84,5.07
13370099999,2.95,5.25
13376099999,2.27,3.29
13378099999,0.63,0.8
13383099999,1.85,3.26
13384099999,-0.86,-1.37
13388099999,2.61,5.44
13389099999,2.8,5.15
13397099999,4.59,7.22
13457099999,2.06,1.39
13459099999,-5.61,-3.6
13462099999,3.14,2.17
13489099999,-0.5,-0.85
13493099999,0.6,0.96
13578099999,-1.25,-1.86
13583099999,5.78,8.19
13586099999,10.4,13.67
13591099999,2.1,3.84
13592099999,2.98,4.32
14008099999,4.76,2.5
14014099999,9.19,6.99
14015099999,-1.31,-1.04
14026099999,-0.14,-0.16
14105099999,1.2,1.22
14106099999,-2.65,-2.05
14235099999,2.77,2.45
14236099999,2.53,3.24
14240099999,3.35,3.98
14241099999,-1.61,-1.85
14246099999,1.56,2.2
14256099999,4.44,4.96
14258099999,-1.34,-1.53
14307099999,1.29,1.36
14314099999,0.14,0.13
14323099999,6.06,4.7
14324099999,1.69,1.1
14328099999,1.06,0.85
14330099999,1.48,1.07
14370099999,0.2,0.29
14382099999,1.14,1.82
14431099999,6.86,7.16
14438099999,0.61,0.74
14443099999,-2.01,-4.89
14444099999,1.13,0.93
14445099999,2.58,2.74
14447099999,-1.85,-1.7
14472099999,1.16,0.96
14474099999,1.07,0.76
15015099999,1.18,1.58
15020099999,4.19,5.43
15090099999,-0.51,-0.73
15108099999,1.68,2.11
15120099999,-2.4,-3.8
15150099999,13.46,11.63
15170099999,6.54,9.3
15200099999,0.29,0.5
15230099999,0.56,0.9
15260099999,6.72,8.7
15280099999,0.67,0.95
15292099999,-2.17,-2.87
15310099999,1.97,2.81
15335099999,0.57,1.16
15346099999,0.56,1.0
15350099999,0.09,0.13
15360099999,-0.55,-1.24
15410099999,-2.84,-3.43
15420099999,5.76,6.88
15450099999,-3.43,-4.6
15460099999,4.49,7.01
15470099999,0.79,1.44
15480099999,-2.26,-3.95
15502099999,-0.55,-0.6
15525099999,-9.34,-8.21
15549099999,-1.4,-1.67
15552099999,-11.18,-9.16
15600099999,-3.04,-3.96
15614099999,-0.65,-0.76
15615099999,-14.5,-15.37
15640099999,0.13,0.14
15655099999,-12.49,-11.88
15712099999,-5.15,-5.96
15730099999,-16.93,-12.27
16008099999,2.63,3.26
16020099999,-4.79,-6.45
16021099999,-6.39,-4.81
16022099999,-6.59,-5.98
16033099999,-10.9,-10.2
16036099999,-2.76,-3.19
16040099999,-0.17,-0.12
16059099999,-6.07,-5.16
16061099999,-5.04,-4.77
16066099999,-9.23,-5.73
16076099999,0.61,0.53
16080099999,-5.03,-4.2
16084099999,-1.21,-1.32
16088099999,-2.37,-2.21
16090099999,-1.36,-1.62
16098099999,1.44,1.38
16099099999,0.22,0.33
16105099999,-2.53,-2.38
16108099999,0.62,0.53
16110099999,-1.48,-1.66
16115099999,-11.71,-24.84
16119099999,1.53,2.61
16120099999,8.13,4.85
16138099999,1.11,2.63
16140099999,-1.23,-1.5
16146099999,-2.4,-3.36
16147099999,-1.64,-4.56
16148099999,2.15,6.24
16149099999,-0.21,-0.19
16153099999,-0.0,-0.0
16158099999,-0.62,-0.55
16168099999,-6.48,-9.96
16170099999,2.69,2.53
16179099999,0.3,0.31
16191099999,-1.44,-1.49
16206099999,0.9,0.84
16216099999,-3.17,-5.78
16230099999,-1.05,-0.96
16234099999,-6.11,-14.8
16235099999,-8.33,-31.46
16239099999,1.67,2.94
16242099999,-0.79,-0.74
16243099999,-2.29,-4.77
16244099999,-1.24,-1.66
16245099999,-5.76,-12.26
16252099999,-0.55,-0.58
16253099999,7.97,8.27
16261099999,-2.01,-3.22
16263099999,-1.02,-1.93
16270099999,0.84,1.22
16280099999,3.34,4.65
16310099999,-4.89,-6.86
16312099999,0.36,0.97
16320099999,-2.96,-2.88
16324099999,-4.63,-84.85
16325099999,3.1,3.61
16332099999,-2.88,-4.85
16344099999,0.21,0.29
16350099999,-0.75,-1.44
16360099999,3.75,5.23
16362099999,1.08,0.88
16400099999,-1.77,-2.18
16405099999,-32.52,-22.67
16420099999,0.55,0.48
16422099999,-2.3,-5.22
16429099999,0.17,0.16
16453099999,2.33,3.69
16459099999,0.04,0.08
16460099999,8.07,6.62
16470099999,-6.27,-5.42
16480099999,0.51,0.47
16490099999,-3.87,-10.26
16520099999,-1.92,-2.06
16522099999,-1.91,-2.79
16531099999,2.29,4.41
16539099999,-4.98,-7.63
16546099999,-0.9,-1.65
16550099999,-4.52,-5.94
16560099999,0.93,1.1
16564099999,1.82,4.33
16597099999,-3.42,-3.32
16614099999,2.47,3.53
16622099999,4.26,6.25
16624099999,10.39,36.03
16627099999,5.12,6.57
16632099999,6.23,30.06
16641099999,6.6,4.69
16643099999,7.6,5.8
16648099999,0.54,0.83
16650099999,-0.05,-0.05
16665399999,13.35,56.39
16667099999,3.91,4.11
16675099999,8.11,9.8
16682099999,0.99,0.86
16684099999,0.88,0.92
16685099999,14.2,28.7
16706099999,9.46,28.77
16710099999,-1.28,-1.61
16716099999,-1.41,-2.1
16718099999,8.81,44.88
16723099999,4.79,4.46
16726099999,6.89,17.66
16726399999,4.59,31.78
16732099999,-5.24,-7.52
16734099999,-11.66,-14.85
16738099999,-3.55,-5.02
16742099999,6.03,35.5
16743099999,-4.84,-9.67
16746099999,0.48,0.47
16749099999,3.59,2.69
16754099999,4.55,5.35
17022099999,-5.0,-4.02
17024099999,-3.19,-2.58
17026099999,2.2,2.5
17030099999,5.86,6.63
17038099999,-1.59,-1.58
17050099999,2.2,2.63
17056099999,-6.7,-7.89
17060099999,-0.9,-1.12
17067099999,-3.72,-4.58
17070099999,1.37,2.4
17082099999,2.9,6.18
17084099999,-0.53,-1.0
17090099999,-0.57,-1.02
17092099999,0.28,0.58
17096099999,2.16,3.4
17112099999,-1.91,-1.73
17115099999,-3.91,-4.12
17116099999,-1.39,-1.92
17124099999,0.13,0.24
17128099999,-0.4,-0.84
17129099999,3.56,7.55
17150099999,-0.2,-0.27
17170099999,-0.34,-0.56
17184099999,0.23,0.26
17188099999,-6.05,-9.17
17190099999,0.99,1.9
17195099999,-1.94,-2.97
17200099999,3.03,7.67
17202099999,-0.94,-1.8
17218099999,7.56,24.42
17219099999,4.07,3.38
17234099999,-4.11,-4.96
17240099999,3.38,4.78
17244099999,1.09,2.22
17260099999,0.41,0.64
17280099999,-1.29,-1.51
17290099999,2.86,3.51
17292099999,-2.39,-1.64
17295099999,0.76,0.75
17300099999,-3.9,-2.08
17330099999,-3.96,-3.64
17350033308,0.76,0.67
17352099999,13.69,41.78
17370099999,-3.06,-3.17
17600099999,-0.62,-0.97
17601099999,-3.26,-4.98
17609099999,-0.44,-0.56
20069099999,3.59,11.72
20087099999,2.18,7.94
20107099999,-0.84,-1.6
20292099999,0.62,1.91
20674099999,0.63,1.63
20891099999,3.76,7.17
21432099999,2.24,6.41
21824099999,5.05,8.06
21908099999,1.76,4.58
21921099999,-0.06,-0.13
21931099999,-0.5,-1.84
21982099999,-0.57,-3.06
22028099999,0.47,0.97
22106099999,-0.0,-0.0
22113099999,-1.73,-3.64
22127099999,1.11,2.06
22217099999,0.59,1.11
22235099999,1.14,2.39
22324099999,0.68,1.37
22349099999,0.27,0.61
22408099999,1.94,4.14
22602099999,0.89,1.61
22621099999,1.83,3.26
22721099999,1.55,2.61
22802099999,-0.91,-1.64
22820099999,0.71,1.22
22831099999,-1.19,-2.59
22892099999,-1.84,-2.8
23274099999,3.4,9.19
23426099999,0.76,1.5
23472099999,2.13,4.7
23631099999,-0.41,-0.82
23678099999,2.61,5.4
23724099999,-0.96,-2.16
23803099999,1.92,2.87
23884099999,-1.45,-2.54
23891099999,2.34,4.44
23929099999,2.6,8.13
23955099999,0.43,0.88
23966099999,-2.3,-4.29
23973099999,1.18,2.72
23975099999,-0.22,-0.3
23987099999,0.31,0.65
24143099999,-0.46,-0.96
24266099999,5.35,17.36
24329099999,2.77,7.51
24343099999,-0.94,-1.96
24507099999,1.28,3.3
24639099999,3.83,7.34
24641099999,-1.4,-3.19
24652099999,-1.34,-3.23
24656099999,0.6,1.26
24671099999,-8.25,-19.2
24724099999,2.41,5.91
24738099999,7.4,15.59
24768099999,0.71,1.8
24817099999,-2.21,-6.62
24856099999,6.15,11.85
24908099999,0.28,0.71
24923099999,-1.23,-2.4
24944099999,3.13,6.32
24951099999,1.83,3.53
24959099999,0.87,2.57
24962099999,3.29,5.83
24966099999,7.9,14.31
24988099999,6.3,11.06
25248099999,-0.7,-2.65
25378099999,1.79,2.29
25399099999,-1.35,-3.3
25400099999,3.25,8.89
25551099999,-0.29,-0.65
25563099999,-1.09,-2.67
25703099999,1.17,3.92
25956099999,5.48,11.57
26038099999,0.1,0.13
26059099999,-0.6,-0.84
26063099999,1.79,2.08
26094099999,2.02,3.02
26167099999,-2.9,-3.98
26242099999,-2.46,-3.92
26258099999,1.98,2.77
26275099999,1.67,2.9
26313099999,-3.52,-5.93
26348099999,-2.23,-5.86
26406099999,0.66,1.07
26509099999,0.04,0.06
26518099999,0.34,0.48
26531099999,-2.08,-3.6
26544099999,-3.36,-5.82
26554099999,-2.55,-4.21
26629099999,-0.44,-0.68
26633099999,0.08,0.12
26645099999,-1.46,-2.18
26666099999,-0.21,-0.31
26702099999,-0.97,-1.27
26730099999,-2.47,-3.4
26763099999,-2.67,-4.85
26832099999,-5.34,-7.72
26850099999,-0.67,-1.16
26887099999,-1.86,-2.88
26898099999,1.07,1.67
26941099999,-3.68,-5.11
26951099999,-2.37,-4.31
26961099999,-2.26,-3.48
26997099999,0.71,0.91
27083099999,-4.25,-7.11
27373099999,-0.12,-0.17
27479099999,-0.95,-1.7
27665099999,3.63,6.85
27679099999,3.56,6.98
27906099999,1.65,2.67
28064099999,-2.51,-5.18
28076099999,-0.84,-1.45
28214099999,1.84,4.02
28411099999,-1.05,-2.17
28465099999,4.3,8.56
28491099999,5.65,14.53
28541099999,5.3,9.58
28573099999,4.72,7.93
28698099999,3.01,5.83
28748099999,1.37,4.03
28786099999,4.48,10.26
28825099999,1.66,3.08
28838099999,3.48,8.72
28867099999,-0.04,-0.15
29023099999,1.1,1.99
29111099999,0.5,0.84
29122099999,-0.2,-0.41
29209099999,1.19,1.81
29231099999,-2.13,-3.97
29253099999,4.44,7.93
29263099999,1.86,4.46
29274099999,-0.7,-1.34
29282099999,0.69,1.68
29313099999,-2.3,-3.98
29328099999,-3.08,-6.04
29348099999,-0.54,-1.16
29367099999,0.29,0.72
29405099999,1.2,2.34
29418099999,1.6,2.67
29430099999,-6.64,-11.97
29456099999,4.07,6.05
29467099999,-0.07,-0.13
29471099999,1.52,2.99
29477099999,4.78,6.01
29481099999,1.99,4.76
29524099999,-1.99,-5.16
29551099999,-1.4,-2.76
29553099999,0.9,1.98
29557099999,2.26,4.41
29562099999,1.76,3.86
29576099999,1.48,2.69
29581099999,1.2,3.0
29587099999,-2.02,-3.01
29594099999,-4.31,-6.57
29602099999,0.87,2.4
29605099999,-0.18,-0.38
29612099999,-0.8,-1.92
29625099999,-0.25,-0.68
29631099999,-1.22,-2.22
29636099999,-0.67,-1.67
29653099999,1.85,3.71
29654099999,-1.83,-2.3
29676099999,0.87,1.33
29698099999,1.3,2.51
29706099999,-0.33,-0.7
29712099999,-2.45,-3.81
29724099999,1.33,2.87
29726099999,0.63,1.24
29736099999,0.81,1.48
29759099999,1.81,2.79
29766099999,-0.21,-0.51
29789099999,1.04,1.62
29807099999,-0.03,-0.11
29814099999,0.4,0.67
29822099999,0.54,1.16
29827099999,2.68,5.63
29838099999,-0.05,-0.1
29846099999,-4.28,-7.46
29864099999,0.69,1.38
29869099999,-0.19,-0.29
29915099999,0.98,1.92
29923099999,-0.01,-0.01
29937099999,-0.11,-0.16
29939099999,0.41,0.75
29956099999,4.41,8.19
30054099999,4.31,8.28
30157099999,-0.85,-1.51
30230099999,-4.64,-8.12
30328099999,1.23,2.14
30337099999,2.13,2.77
30372099999,-0.11,-0.19
30385099999,-0.07,-0.1
30393099999,-3.39,-5.28
30405099999,0.59,0.97
30433099999,0.66,1.4
30455099999,-1.89,-2.89
30493099999,-0.78,-1.06
30499099999,-1.87,-2.32
30504099999,2.13,3.22
30521099999,-0.57,-1.01
30554099999,-0.83,-1.19
30603099999,2.18,4.21
30612099999,1.06,1.67
30622099999,-0.05,-0.09
30627099999,2.81,6.7
30635099999,0.79,1.31
30650099999,-0.14,-0.29
30664099999,1.5,2.02
30673099999,0.88,1.26
30683099999,0.12,0.2
30686099999,1.13,1.66
30695099999,2.09,3.22
30703099999,-1.27,-2.18
30731099999,-0.44,-0.86
30739099999,-1.19,-2.61
30741099999,-7.67,-9.95
30745099999,0.85,1.57
30758099999,4.37,5.6
30764099999,3.66,6.15
30777099999,1.87,2.35
30781099999,-1.57,-2.36
30802099999,-3.24,-7.47
30823099999,-2.19,-4.23
30829099999,-1.42,-4.0
30838099999,-4.17,-7.39
30844099999,1.56,3.05
30846099999,3.35,6.94
30859099999,-1.14,-2.45
30862099999,3.51,5.36
30879099999,0.15,0.21
30925099999,0.38,0.86
30935099999,1.16,2.13
30949099999,2.01,2.89
30957099999,2.16,3.96
30961099999,-0.11,-0.17
30965099999,-0.21,-0.37
30971099999,-7.3,-9.61
30975099999,1.08,1.36
30978099999,-4.1,-5.85
31004099999,1.52,1.96
31054099999,-3.11,-6.48
31088099999,5.24,9.41
31123099999,-2.86,-6.03
31137099999,-2.07,-3.89
31152099999,3.96,8.01
31168099999,9.23,8.22
31174099999,-6.45,-9.63
31253099999,-3.42,-5.1
31295099999,0.22,0.28
31300099999,2.77,3.57
31329099999,-1.64,-2.09
31348099999,3.85,6.66
31371099999,2.06,2.68
31388099999,5.2,6.91
31416099999,9.17,15.18
31418099999,8.06,13.19
31439099999,1.02,1.48
31442099999,2.4,2.91
31445099999,1.55,1.89
31474099999,10.42,13.52
31484099999,5.67,8.05
31489099999,4.96,8.21
31510099999,0.29,0.3
31521099999,2.75,3.81
31527099999,0.7,1.08
31532099999,8.21,11.17
31534099999,6.34,9.11
31538099999,6.19,7.95
31587099999,-1.27,-1.69
31594099999,1.91,2.21
31624099999,8.96,11.54
31632099999,8.15,14.39
31655099999,8.01,14.42
31702099999,-2.83,-3.13
31707099999,6.56,9.45
31713099999,9.54,11.47
31725099999,7.89,10.19
31735099999,11.1,16.96
31801099999,7.17,8.07
31825099999,6.28,10.91
31832099999,6.73,11.01
31845099999,3.2,4.79
31866099999,11.12,13.12
31873099999,5.06,7.27
31878099999,2.89,5.1
31909099999,8.55,10.72
31915099999,9.86,16.13
31921099999,4.89,9.19
31959099999,10.17,11.7
31960099999,3.44,3.05
31969099999,9.18,9.56
31981099999,7.25,9.94
31987099999,7.51,9.33
31989099999,7.58,14.4
32027099999,1.42,3.22
32053099999,-0.07,-0.1
32061099999,-1.58,-2.51
32069099999,1.96,2.97
32076099999,5.7,9.27
33008099999,-0.74,-1.03
33019099999,-6.21,-10.02
33027099999,-5.12,-8.23
33036099999,-3.96,-5.84
33041099999,0.93,1.31
33088099999,-3.64,-5.62
33135099999,0.49,0.92
33177099999,-1.75,-2.23
33261099999,1.14,1.46
33275099999,-1.35,-2.32
33301099999,0.3,0.43
33317099999,-0.54,-0.63
33325099999,1.04,1.54
33345099999,-2.23,-3.18
33377099999,-0.26,-0.3
33393099999,2.76,3.69
33415099999,0.22,0.31
33429099999,-2.28,-3.52
33466099999,0.01,0.01
33506099999,-1.71,-2.6
33562099999,-2.28,-3.38
33587099999,-0.47,-0.65
33614099999,-4.63,-6.42
33631099999,0.06,0.08
33658099999,0.11,0.13
33663099999,0.0,0.0
33711099999,-7.32,-12.11
33761099999,-4.49,-7.01
33791099999,1.11,1.95
33815099999,0.98,1.45
33837099999,-3.36,-5.25
33902099999,-6.21,-8.02
33924099999,4.35,7.81
33946099999,1.71,2.61
33983099999,2.34,4.36
34009099999,-1.14,-1.58
34247099999,6.79,12.31
34300099999,-1.33,-2.35
34336099999,6.64,13.29
34398099999,5.13,31.9
34415099999,-2.71,-4.44
34504099999,1.3,1.92
34601099999,1.21,1.6
34691099999,-2.05,-6.92
34712099999,1.56,2.34
34798099999,2.55,23.66
34858099999,3.97,9.9
34861099999,-1.78,-4.59
35026099999,6.32,12.05
35037099999,-1.28,-3.18
35121099999,4.21,13.49
35302099999,-0.01,-0.13
35358099999,0.63,1.61
35497099999,-0.11,-0.34
35532099999,-0.06,-0.25
35576099999,-0.02,-0.1
35671099999,-0.01,-0.03
35699099999,0.55,4.3
35700099999,-0.23,-1.26
35746099999,-0.4,-2.09
35796099999,-0.01,-0.07
35849099999,-0.03,-0.12
35925099999,-0.16,-0.64
35969099999,-0.05,-0.36
36020099999,-0.68,-1.57
36021099999,-3.29,-8.9
36022099999,0.81,1.66
36034099999,1.1,2.44
36038099999,-1.3,-2.32
36058099999,-0.48,-0.74
36061099999,-0.7,-0.95
36064099999,-2.1,-2.39
36096099999,4.09,13.5
36152099999,-0.04,-0.15
36259099999,0.49,1.64
36397099999,-0.18,-0.95
36428099999,-0.0,-0.01
36535099999,-0.09,-0.54
36639099999,0.03,0.1
36859099999,0.04,0.15
36911099999,0.29,1.08
36974099999,-0.09,-0.35
36982099999,17.03,30.07
37472099999,7.38,9.88
37549099999,-4.13,-5.04
37575099999,5.41,5.09
37735099999,20.29,18.19
37985099999,14.9,10.61
38001099999,-0.27,-1.45
38062099999,1.14,4.3
38149099999,-0.37,-1.23
38178099999,0.71,3.38
38198099999,-0.21,-1.21
38222099999,-0.12,-0.7
38232099999,-0.51,-1.85
38262099999,0.61,1.21
38264099999,0.09,0.45
38345099999,2.15,9.12
38353099999,3.94,11.51
38388099999,0.0,0.02
38392099999,0.49,1.58
38396099999,-1.01,-3.42
38403099999,0.74,6.77
38413099999,-0.24,-1.18
38439099999,-0.54,-2.31
38457099999,0.74,1.56
38462099999,0.98,2.78
38507099999,-2.76,-6.81
38545099999,2.77,6.08
38565099999,0.11,0.24
38579099999,1.9,3.01
38583099999,-0.03,-0.04
38599099999,6.72,14.53
38611099999,-8.56,-13.49
38613099999,2.35,4.84
38618099999,-1.92,-5.36
38647099999,1.93,4.46
38656099999,0.4,1.57
38683099999,-0.69,-3.35
38687099999,6.68,18.79
38696099999,1.6,2.96
38750099999,-0.51,-1.1
38763099999,1.55,4.2
38774099999,-0.88,-2.58
38799099999,0.48,1.38
38806099999,-0.8,-3.46
38812099999,-1.68,-3.06
38836099999,3.36,5.13
38880099999,1.41,3.44
38886099999,1.84,4.46
38895099999,-0.8,-2.28
38911099999,1.38,5.01
38915099999,0.62,2.21
38927099999,-3.3,-6.42
38933099999,8.8,24.39
38944099999,3.83,8.2
38954099999,6.3,16.05
38974099999,1.9,5.92
38987099999,0.31,0.72
40001099999,0.06,0.15
40022099999,5.74,7.29
40025099999,1.38,1.31
40030099999,3.41,8.66
40080099999,0.25,1.08
40100099999,-11.95,-14.43
40101099999,3.99,4.9
40103099999,4.09,4.43
40180099999,-7.14,-10.04
40199099999,0.31,3.87
40250099999,0.24,0.96
40255099999,-1.49,-2.02
40260099999,-0.1,-0.36
40265099999,-1.73,-4.68
40270099999,0.66,1.14
40272099999,0.89,2.51
40310099999,-2.99,-13.57
40340099999,1.78,12.97
40356099999,-1.58,-8.72
40357099999,1.34,9.24
40360099999,-0.89,-4.68
40361099999,3.42,23.29
40362099999,1.88,11.52
40373099999,-3.85,-12.44
40375099999,-1.18,-6.48
40377099999,-0.48,-2.31
40394099999,-1.36,-8.33
40400099999,-4.55,-36.98
40405099999,-2.27,-4.24
40416099999,-4.31,-10.67
40420099999,1.48,11.13
40430099999,-0.92,-3.47
40437099999,-1.96,-6.89
40439099999,-1.76,-7.85
40582099999,-25.23,-41.17
40701099999,0.81,2.56
40703099999,0.62,1.44
40704099999,-1.76,-5.56
40706099999,-0.78,-1.51
40710099999,-0.86,-3.07
40712099999,-1.07,-2.27
40713099999,-0.69,-1.96
40718099999,6.17,3.22
40719099999,-6.88,-6.83
40729099999,-6.54,-15.45
40731099999,-0.19,-0.49
40732099999,1.09,0.58
40736099999,-2.46,-2.06
40738099999,-1.57,-2.5
40739099999,-0.54,-1.96
40740099999,0.07,0.18
40743099999,0.16,0.44
40745099999,-4.77,-11.97
40747099999,-1.69,-3.27
40754099999,-1.95,-3.99
40757099999,0.27,0.89
40762099999,-0.41,-0.88
40766099999,2.88,4.5
40769099999,-10.86,-14.43
40785099999,0.24,0.75
40798099999,1.02,2.5
40800099999,-3.09,-9.49
40809099999,0.86,2.89
40811099999,2.15,3.72
40818099999,0.86,2.93
40821099999,-1.02,-4.64
40831099999,0.05,0.08
40841099999,0.78,2.98
40848099999,-5.01,-8.71
40851099999,-0.55,-1.72
40853099999,0.48,0.99
40854099999,-3.7,-18.31
40856099999,-3.46,-14.31
40859099999,2.08,3.35
40875099999,-1.05,-1.44
40878099999,-4.44,-11.56
40879099999,-10.38,-22.8
41024099999,-3.94,-29.4
41030099999,-6.68,-45.71
41036099999,-3.39,-11.85
41055099999,1.41,5.56
41061099999,0.95,8.94
41084099999,-1.29,-3.91
41112099999,5.1,11.03
41114099999,0.7,3.0
41128099999,0.44,2.97
41136099999,3.28,17.82
41140099999,3.74,11.01
41150099999,-2.42,-6.27
41170099999,5.15,13.75
41184099999,-0.07,-0.26
41194099999,-0.38,-2.24
41196099999,-2.73,-7.77
41198099999,-0.51,-1.31
41216099999,-0.16,-1.53
41217099999,-0.89,-6.47
41218099999,-1.48,-12.4
41240099999,-3.13,-6.19
41244099999,0.87,2.45
41246099999,-0.05,-0.13
41254099999,-5.64,-10.07
41256099999,-4.64,-6.8
41268099999,-3.22,-7.47
41288099999,-0.51,-2.22
41312099999,10.24,19.52
41314099999,-0.59,-1.64
41316099999,1.81,3.3
41530099999,3.43,3.28
41571099999,13.45,10.01
41598099999,11.66,9.97
41620099999,15.51,17.59
41624099999,11.88,12.11
41640099999,13.66,13.81
41641099999,5.25,46.65
41660099999,1.52,2.81
41675099999,0.42,0.86
41685099999,8.94,12.34
41712099999,0.29,0.85
41715099999,12.24,12.39
41744099999,3.76,6.33
41749099999,10.04,9.68
41756099999,10.41,20.59
41764099999,9.48,12.49
41768099999,30.2,18.98
41780099999,-6.68,-13.9
41978099999,-12.5,-4.57
42027099999,2.11,3.18
42071099999,-0.56,-0.48
42101099999,4.69,3.44
42111099999,5.6,3.1
42131099999,-2.95,-3.79
42181099999,13.52,47.61
42182099999,3.56,2.63
42189099999,1.97,1.08
42309099999,6.9,2.84
42314099999,-0.51,-0.24
42328099999,2.04,2.89
42339099999,0.73,0.7
42348099999,7.32,5.08
42361099999,2.8,1.97
42369099999,-3.45,-2.15
42379099999,4.51,2.73
42410099999,2.1,1.08
42415099999,7.92,5.79
42452099999,-13.73,-15.97
42479099999,9.26,34.1
42492099999,1.38,0.72
42559099999,10.65,5.72
42571099999,4.95,3.39
42591099999,-16.44,-12.92
42634099999,-7.27,-5.51
42647099999,-1.71,-0.87
42667099999,6.0,3.46
42675099999,-24.48,-14.83
42701099999,-10.08,-7.18
42724099999,-6.77,-3.34
42737099999,2.52,1.23
42754099999,-6.71,-4.33
42779099999,-1.27,-0.83
42798099999,-17.89,-10.86
42809099999,-14.99,-8.44
42840099999,-4.89,-1.95
42867099999,-0.68,-0.42
42874099999,-14.72,-7.79
42886099999,-2.24,-1.33
42895099999,0.72,0.46
42909099999,-3.11,-1.59
42971099999,-3.34,-1.6
43003099999,11.02,2.4
43014099999,-14.86,-12.01
43041099999,2.66,1.58
43063099999,-8.33,-5.67
43086099999,5.26,3.48
43110099999,3.99,0.94
43117099999,-0.13,-0.13
43128099999,2.76,1.88
43185099999,0.2,0.11
43189099999,0.03,0.02
43192099999,23.51,7.58
43198099999,10.53,7.91
43201099999,-1.92,-1.77
43213099999,1.65,1.94
43233099999,2.21,2.08
43237099999,-1.39,-1.35
43245099999,-7.86,-4.79
43279099999,-1.09,-0.4
43284099999,-0.32,-0.09
43295099999,-4.56,-2.81
43314099999,4.66,1.95
43321099999,8.15,7.01
43329099999,-14.26,-6.23
43333099999,-8.99,-3.67
43344099999,-8.23,-6.27
43353099999,-7.78,-3.61
43371099999,11.48,5.73
43497099999,1.37,1.24
43555099999,1.08,1.88
44203099999,-1.52,-5.67
44207099999,0.42,0.86
44212099999,1.04,3.99
44213099999,0.41,1.93
44214099999,0.03,0.14
44215099999,0.49,2.06
44218099999,-0.52,-1.21
44225099999,-2.31,-7.31
44230099999,-0.52,-1.25
44231099999,0.75,1.87
44232099999,1.95,3.95
44237099999,0.49,1.59
44239099999,0.81,1.56
44241099999,-0.87,-1.46
44256099999,-1.05,-2.84
44259099999,1.3,4.19
44265099999,-1.79,-12.21
44272099999,0.69,2.18
44275099999,-0.51,-2.18
44277099999,1.16,4.05
44282099999,-0.77,-1.8
44284099999,-2.05,-6.63
44285099999,0.89,2.47
44287099999,-0.65,-1.86
44288099999,0.38,1.11
44292099999,0.58,1.77
44294099999,2.39,6.59
44298099999,-1.69,-4.41
44302099999,-3.74,-10.41
44304099999,1.21,2.76
44305099999,2.68,7.28
44313099999,-1.05,-2.1
44314099999,-3.96,-10.47
44336099999,-0.7,-3.48
44341099999,1.06,3.08
44347099999,-0.65,-2.85
44352099999,-1.7,-4.76
44354099999,-3.64,-7.91
44358099999,1.32,4.27
44373099999,3.01,11.63
45007099999,1.11,0.46
45011099999,-1.89,-1.35
47003099999,-0.36,-0.37
47005099999,-2.31,-2.42
47008099999,7.72,8.98
47014099999,-3.45,-4.34
47016099999,-4.72,-6.86
47020099999,0.08,0.09
47022099999,-6.25,-7.94
47025099999,-1.63,-1.38
47028099999,-3.35,-3.03
47031099999,-6.4,-8.15
47035099999,-3.2,-2.25
47037099999,-12.54,-9.52
47039099999,-2.92,-2.0
47041099999,-7.5,-6.47
47046099999,-1.65,-1.78
47050099999,5.23,3.58
47052099999,-14.79,-11.15
47055099999,-1.43,-0.72
47058099999,-9.2,-7.57
47060099999,-9.03,-7.36
47061099999,5.21,2.47
47065099999,-6.76,-5.71
47067099999,-18.01,-10.38
47068099999,-11.86,-9.23
47069099999,-6.11,-3.95
47070099999,-8.9,-4.98
47075099999,0.39,0.19
47090099999,-0.63,-0.3
47095099999,-2.31,-1.03
47100099999,-10.88,-4.72
47101099999,-1.84,-0.74
47105099999,-0.94,-0.48
47106099999,4.72,2.27
47108099999,-4.3,-1.79
47112099999,-3.39,-1.59
47114099999,-8.1,-3.83
47115099999,-2.87,-1.7
47119099999,-2.68,-1.24
47121099999,-11.91,-6.8
47122099999,-0.32,-0.24
47127043216,2.97,2.47
47129099999,-4.96,-2.51
47130099999,0.37,0.2
47131099999,-5.0,-2.68
47133099999,1.14,0.55
47135099999,3.9,2.33
47136099999,-2.14,-1.45
47138099999,5.2,3.07
47140099999,13.84,7.54
47141043219,4.69,2.72
47143099999,-2.14,-1.22
47146099999,1.54,0.81
47152099999,3.61,1.86
47155099999,5.55,2.44
47156099999,-0.21,-0.11
47159099999,0.83,0.37
47162099999,3.29,1.53
47165099999,1.98,1.09
47168099999,3.34,1.4
47170099999,3.66,1.81
47184099999,9.11,4.66
47185043263,-0.29,-0.22
47189099999,3.81,1.53
47192099999,3.26,1.7
47401099999,2.69,2.7
47402099999,1.96,1.8
47404099999,3.94,3.62
47405099999,-0.17,-0.2
47406099999,-1.02,-1.03
47407099999,2.34,2.13
47409099999,1.27,1.29
47411099999,-0.12,-0.13
47412099999,-0.27,-0.27
47413099999,-1.31,-1.41
47417099999,-1.21,-1.15
47418099999,-1.39,-1.26
47420099999,-1.01,-0.91
47421099999,-0.14,-0.12
47423099999,-1.88,-1.62
47424099999,-0.33,-0.27
47426099999,-0.5,-0.48
47428099999,-3.86,-4.16
47430099999,-0.5,-0.43
47433099999,1.73,1.75
47435099999,0.37,0.43
47440099999,-4.22,-2.25
47512099999,0.96,0.63
47520099999,-1.38,-1.04
47570099999,1.94,1.83
47574099999,-2.54,-2.24
47575099999,-3.15,-3.15
47576099999,1.36,1.13
47581099999,1.01,0.84
47582099999,-0.52,-0.36
47584099999,5.57,5.0
47585099999,2.66,1.7
47587099999,0.11,0.09
47588099999,2.41,2.23
47590099999,-3.24,-2.24
47592099999,1.94,1.75
47595099999,-3.17,-2.54
47597099999,2.59,1.67
47598099999,-3.12,-2.1
47600099999,-0.69,-0.45
47602099999,3.85,3.11
47604099999,-4.06,-3.42
47605099999,3.09,1.96
47606099999,5.74,3.77
47607099999,-5.72,-4.31
47610099999,6.74,6.21
47612099999,6.54,4.0
47615099999,-4.65,-3.35
47616099999,1.5,0.9
47617099999,8.47,4.75
47618099999,-4.04,-3.67
47620099999,-1.19,-0.85
47622099999,11.08,8.96
47624099999,5.25,3.76
47626099999,1.54,0.89
47629099999,-0.79,-0.62
47631099999,-0.88,-0.59
47632099999,4.73,2.68
47636099999,-2.59,-1.66
47637099999,4.71,2.94
47638099999,7.65,6.6
47640099999,15.01,8.35
47641099999,-0.74,-0.38
47648099999,1.53,0.92
47649099999,0.0,0.0
47651099999,-0.87,-0.52
47653099999,1.98,1.11
47654099999,-4.6,-2.69
47655099999,5.58,3.09
47656099999,4.05,2.0
47657099999,2.96,1.6
47662099999,7.13,3.96
47663099999,-2.95,-0.93
47666099999,-0.26,-0.15
47668099999,0.33,0.14
47670099999,-0.29,-0.16
47672099999,9.42,5.56
47674099999,-4.61,-2.16
47675099999,-0.7,-0.26
47677099999,8.16,3.34
47678099999,15.24,5.47
47682099999,8.96,6.34
47684099999,10.69,6.14
47690099999,7.48,3.13
47740099999,-1.53,-1.01
47741099999,2.8,1.71
47742099999,4.58,2.78
47744099999,5.27,3.13
47746099999,9.14,5.75
47747099999,6.19,3.95
47750099999,6.15,3.6
47754099999,-0.27,-0.16
47755099999,4.49,2.53
47756099999,4.53,3.03
47759099999,6.97,4.69
47761099999,2.73,2.27
47762099999,0.46,0.21
47765099999,15.1,7.15
47766099999,9.89,5.74
47767099999,6.22,4.85
47768099999,4.8,3.35
47769099999,-3.42,-2.83
47770099999,13.08,8.92
47772099999,9.71,6.42
47776099999,5.49,2.62
47777099999,6.58,3.74
47778099999,6.87,2.8
47780099999,1.85,1.25
47784099999,3.54,1.54
47800099999,-0.18,-0.08
47805099999,11.51,4.04
47807099999,3.56,1.6
47809099999,9.92,4.41
47812099999,24.25,8.76
47813099999,24.83,9.24
47814099999,25.46,10.51
47815099999,-9.74,-4.53
47817099999,12.16,5.69
47818099999,4.72,1.52
47819099999,7.01,2.64
47821099999,6.02,1.65
47822099999,-15.99,-5.97
47823099999,17.5,5.55
47824099999,4.11,1.22
47827099999,-0.91,-0.33
47829099999,14.65,4.66
47830099999,8.42,3.27
47831099999,3.32,1.24
47835099999,3.06,1.05
47836099999,2.23,0.71
47837099999,2.04,0.75
47838099999,8.96,3.15
47843099999,14.39,5.69
47887099999,6.91,5.01
47890099999,7.38,5.34
47891099999,8.96,6.48
47892099999,3.9,2.04
47893099999,10.89,3.83
47895099999,4.91,2.73
47897099999,-4.4,-1.91
47898099999,5.29,2.06
47899099999,5.91,2.78
47909099999,-0.0,-0.0
47912099999,-1.12,-0.43
47918099999,-12.14,-4.59
47927099999,10.35,4.49
47929099999,7.15,2.98
47933042215,2.64,1.14
47936099999,-3.12,-1.17
47942099999,-8.71,-4.07
47945099999,-3.04,-1.56
47971042402,12.72,7.89
47991099999,2.8,1.68
48300099999,0.26,0.21
48303099999,-1.28,-0.82
48310099999,-1.69,-1.65
48315099999,3.72,2.32
48325099999,-2.67,-2.59
48327099999,-2.36,-1.68
48328099999,-3.08,-2.75
48329099999,-1.78,-1.58
48330099999,3.29,2.87
48331099999,2.92,2.07
48351099999,4.05,2.66
48352099999,1.55,0.88
48353099999,4.58,3.6
48354099999,-4.13,-2.8
48356099999,-2.16,-1.19
48357099999,8.08,3.71
48375099999,3.8,2.26
48376099999,-12.66,-9.39
48377099999,-5.32,-3.58
48378099999,2.16,1.54
48379099999,-2.07,-1.62
48380099999,2.37,1.77
48381099999,3.25,2.39
48383099999,-2.97,-1.66
48400099999,-2.9,-2.2
48403099999,-0.41,-0.34
48405099999,7.2,4.74
48407099999,6.52,3.74
48413099999,8.59,6.11
48416099999,-1.82,-1.2
48418099999,-5.27,-3.86
48421099999,5.7,3.37
48425099999,1.55,1.27
48426099999,-5.84,-4.52
48430099999,-8.37,-5.16
48431099999,-1.61,-1.14
48432099999,4.71,2.71
48450099999,-3.69,-3.01
48455099999,0.99,0.52
48456099999,-4.44,-2.7
48459099999,-4.78,-3.36
48460099999,1.95,1.49
48461099999,2.09,1.41
48462099999,0.77,0.6
48465099999,1.23,0.85
48475099999,-0.01,-0.0
48477099999,-5.78,-4.19
48478099999,-8.47,-6.48
48480099999,3.2,1.19
48500099999,0.39,0.23
48501099999,-17.05,-3.41
48517099999,-0.83,-0.44
48532099999,-2.31,-0.63
48550099999,-17.82,-8.05
48551099999,-7.56,-3.59
48552099999,6.79,1.91
48561099999,-1.27,-0.38
48564099999,1.32,0.71
48565099999,5.46,2.54
48566099999,0.71,0.35
48567099999,-0.74,-0.38
48568099999,4.68,1.65
48569099999,-15.64,-7.56
48570099999,0.59,0.34
48580099999,-1.96,-0.99
48583099999,-5.26,-1.47
48601099999,4.82,2.48
48615099999,-5.11,-1.63
48620099999,-4.06,-2.41
48647099999,-3.05,-1.76
48657099999,-3.48,-1.04
48665099999,-5.68,-4.18
48698099999,-4.61,-2.29
48803099999,0.89,0.44
48806099999,4.36,3.29
48808099999,-5.44,-4.2
48823099999,9.12,4.34
48826099999,0.88,0.46
48830099999,2.23,1.26
48839099999,3.07,1.86
48840099999,-6.16,-2.55
48845099999,6.1,2.01
48848099999,-3.8,-1.35
48852099999,-0.51,-0.12
48855099999,9.44,2.89
48870099999,1.44,0.59
48877099999,4.61,2.22
48887099999,-1.95,-1.72
48914099999,-4.54,-2.75
48917099999,12.27,4.95
48918099999,2.16,1.3
48920099999,-10.85,-3.76
48940099999,7.81,10.75
50136099999,2.06,2.53
50353099999,2.1,2.85
50434099999,12.74,14.94
50468099999,4.84,5.16
50527099999,3.41,5.03
50548099999,9.79,9.27
50557099999,12.41,13.22
50564099999,6.68,6.68
50603099999,2.53,4.85
50632099999,9.76,9.94
50658099999,2.04,2.54
50727099999,7.11,7.77
50745099999,-0.06,-0.07
50756099999,4.0,4.8
50774099999,6.93,7.22
50788099999,7.63,9.63
50844099999,2.89,3.73
50854099999,-0.59,-0.62
50888099999,0.33,0.4
50915099999,11.3,15.54
50949099999,1.55,1.95
50953099999,1.8,2.11
50963099999,5.33,6.83
50968099999,2.58,2.53
50978099999,4.1,4.19
50983099999,-2.93,-3.18
51053099999,11.34,20.27
51076099999,11.41,24.07
51087099999,8.58,17.38
51133099999,5.95,12.96
51156099999,11.66,28.04
51243099999,23.23,32.53
51288099999,21.29,33.97
51334099999,9.46,22.88
51379099999,16.14,25.96
51431099999,11.01,19.56
51463099999,19.31,24.08
51467099999,1.85,3.39
51495099999,-0.75,-3.73
51542099999,10.0,20.07
51573099999,5.91,35.71
51644099999,2.42,6.57
51656099999,1.58,4.19
51709099999,1.11,4.79
51711099999,-0.17,-0.29
51716099999,1.53,5.38
51730099999,1.0,3.66
51765099999,6.61,23.64
51777099999,-0.19,-0.92
51811099999,3.81,10.59
51818099999,7.56,19.67
51828099999,2.2,9.03
51886099999,2.29,11.39
52203099999,8.75,24.44
52267099999,0.5,3.14
52323099999,-0.59,-2.18
52378099999,-0.74,-3.41
52418099999,0.64,2.73
52436099999,-0.94,-3.76
52495099999,1.88,4.47
52533099999,8.85,19.28
52602099999,0.96,7.89
52652099999,0.08,0.3
52681099999,-1.52,-4.78
52713099999,6.52,19.28
52737099999,6.34,12.02
52754099999,0.22,0.43
52787099999,8.28,13.4
52818099999,0.94,5.8
52836099999,9.87,18.05
52866099999,-2.11,-3.67
52908099999,1.17,2.2
52996099999,-1.52,-2.73
53068099999,2.66,7.47
53083099999,5.2,9.2
53149099999,1.25,2.3
53192099999,1.18,2.35
53231099999,-0.61,-1.79
53276099999,1.96,3.67
53336099999,-0.96,-1.74
53352099999,-0.51,-0.97
53391099999,4.57,7.03
53463099999,5.93,7.55
53480099999,-1.64,-2.6
53487099999,0.59,0.93
53502099999,0.59,2.32
53513099999,3.18,6.97
53529099999,0.1,0.16
53543099999,0.76,0.92
53564099999,0.59,0.77
53588099999,1.79,1.91
53593099999,-1.33,-1.8
53614099999,-0.92,-1.6
53646099999,3.18,3.74
53673099999,1.03,1.31
53698099999,5.53,5.58
53705099999,-1.52,-3.2
53723099999,0.74,1.15
53764099999,1.81,1.89
53772099999,4.48,5.03
53787099999,3.15,3.02
53798099999,1.49,1.21
53845099999,0.91,0.89
53863099999,4.71,5.32
53898099999,1.94,1.67
53915099999,0.24,0.3
53923099999,5.06,5.74
53959099999,2.19,2.37
53975099999,2.19,2.1
54012099999,0.83,1.3
54026099999,2.29,2.73
54027099999,-0.92,-1.23
54049099999,2.76,3.58
54094099999,2.5,2.66
54096099999,7.24,7.26
54102099999,11.97,14.67
54115099999,-2.13,-2.86
54135099999,6.01,8.1
54157099999,0.99,1.02
54161099999,4.01,3.92
54186099999,1.28,1.51
54208099999,-1.36,-1.92
54218099999,-0.51,-0.73
54226099999,4.86,4.76
54236099999,9.01,9.63
54259099999,0.0,0.0
54273099999,3.83,3.3
54292099999,1.77,2.18
54308099999,2.66,3.45
54311099999,-0.75,-0.98
54324099999,-0.66,-0.71
54337099999,-2.73,-2.26
54342099999,2.78,2.62
54346099999,0.55,0.4
54374099999,-2.97,-2.27
54377099999,-0.27,-0.19
54386099999,-2.58,-3.33
54401099999,-1.04,-1.49
54405099999,0.9,1.42
54423099999,4.38,4.44
54436099999,7.87,5.34
54471099999,0.01,0.01
54493099999,-2.58,-1.33
54497099999,4.49,2.46
54511099999,0.91,0.85
54527099999,4.46,3.97
54534099999,-2.43,-2.41
54539099999,-1.83,-1.42
54602099999,2.41,2.5
54618099999,-0.03,-0.02
54662099999,0.56,0.49
54715099999,2.65,2.48
54725099999,-0.52,-0.4
54751099999,-6.13,-5.82
54753099999,-5.19,-4.56
54776099999,1.87,1.47
54808099999,9.29,9.02
54823099999,0.09,0.07
54826099999,6.09,3.66
54836099999,2.51,1.88
54843099999,2.38,2.35
54857099999,-6.54,-5.02
54863099999,-5.89,-4.26
54909099999,7.55,5.08
54916099999,-3.76,-2.65
54929099999,7.57,5.04
54945099999,-11.05,-7.93
55228099999,0.48,1.8
55279099999,5.03,8.86
55299099999,-2.33,-4.32
55472099999,-2.42,-4.85
55578099999,1.67,2.13
55591099999,1.54,2.42
55664099999,-1.8,-2.9
55696099999,3.96,6.12
55773099999,-2.58,-4.82
56004099999,0.46,1.07
56018099999,7.71,12.94
56021099999,0.17,0.39
56029099999,0.66,1.4
56033099999,12.93,19.97
56046099999,2.73,4.25
56065099999,2.77,4.17
56079099999,-1.39,-2.09
56080099999,4.27,6.04
56096099999,3.43,5.17
56106099999,1.64,2.64
56116099999,1.88,2.6
56137099999,3.71,5.42
56144099999,2.36,3.19
56146099999,2.59,3.68
56152099999,2.55,3.56
56167099999,3.31,5.19
56172099999,0.81,1.0
56182099999,1.41,2.31
56196099999,9.4,6.0
56247099999,0.92,1.39
56257099999,-0.48,-0.6
56287099999,-2.13,-0.97
56312099999,3.56,4.41
56357099999,-0.36,-0.43
56374099999,1.6,1.87
56385099999,0.42,0.23
56444099999,-3.77,-5.2
56462099999,-0.93,-1.01
56492099999,3.45,2.56
56571099999,0.13,0.1
56586099999,2.86,3.76
56651099999,3.02,2.94
56671099999,1.59,1.14
56684099999,-3.67,-3.81
56691099999,0.27,0.24
56739099999,-0.48,-0.33
56748099999,0.58,0.55
56751099999,1.9,1.46
56763099999,-4.52,-5.78
56768099999,1.79,1.66
56778099999,3.75,3.57
56786099999,-5.33,-4.64
56838099999,2.64,1.97
56886099999,2.84,2.83
56946099999,0.16,0.15
56951099999,-1.34,-1.24
56954099999,-1.05,-0.76
56959099999,1.89,1.57
56964099999,2.59,2.14
56966099999,-0.71,-0.68
56969099999,0.65,0.43
56977099999,-0.96,-0.52
56985099999,-1.81,-1.77
57046099999,0.11,0.11
57067099999,8.21,10.96
57071099999,7.38,7.29
57083099999,2.28,1.96
57127099999,2.18,1.68
57178099999,8.77,6.82
57193099999,1.03,0.81
57237099999,-2.24,-1.09
57245099999,-2.04,-1.58
57259099999,1.61,1.64
57265099999,-2.56,-2.51
57279099999,-0.0,-0.0
57290099999,-3.96,-2.7
57297099999,-2.95,-1.71
57306099999,1.53,0.88
57328099999,-4.0,-2.54
57348099999,0.34,0.24
57378099999,-0.98,-0.77
57399099999,1.88,1.18
57411099999,-6.89,-4.79
57426099999,2.06,1.41
57447099999,-1.62,-0.95
57461099999,-2.11,-1.53
57476099999,1.56,1.1
57494099999,-6.9,-3.65
57516099999,-12.73,-9.15
57554099999,-10.82,-6.17
57584099999,4.9,2.87
57598099999,-4.84,-2.76
57633099999,2.43,1.5
57655099999,0.38,0.23
57662099999,1.8,1.34
57687099999,4.44,2.96
57707099999,-1.36,-1.36
57731099999,6.16,5.07
57745099999,3.32,2.11
57766099999,2.73,2.08
57776099999,3.36,1.73
57793099999,2.24,1.39
57799099999,12.72,7.37
57816099999,5.19,4.09
57832099999,-8.92,-8.74
57845099999,2.66,1.59
57853099999,0.46,0.36
57866099999,8.47,6.09
57902099999,-1.75,-1.23
57916099999,-1.04,-0.89
57922099999,2.97,2.06
57932099999,1.19,0.95
57957099999,-2.55,-1.03
57972099999,-3.62,-2.26
57993099999,4.3,2.72
58027099999,0.14,0.1
58040099999,-1.96,-1.16
58102099999,-3.84,-2.84
58150099999,2.39,1.68
58203099999,-1.24,-0.8
58208099999,11.48,6.82
58221099999,-6.02,-4.51
58238099999,1.17,0.8
58251099999,0.8,0.53
58265099999,-2.16,-1.37
58314099999,3.38,2.16
58321099999,6.39,4.27
58338099999,-1.27,-0.93
58345099999,6.57,4.35
58362099999,-1.57,-0.99
58424099999,4.55,2.36
58437099999,14.82,4.97
58457099999,-8.36,-5.4
58472099999,1.46,1.15
58477099999,11.84,6.83
58506099999,-5.35,-2.26
58527099999,8.2,3.99
58556099999,7.71,5.64
58569099999,-4.12,-2.51
58606099999,0.18,0.1
58633099999,10.74,5.47
58646099999,-4.39,-2.98
58666099999,0.18,0.1
58715099999,13.96,7.04
58725099999,4.05,2.02
58730099999,8.08,3.05
58731099999,-2.59,-1.46
58754099999,-3.05,-1.31
58813099999,8.29,4.74
58834099999,1.22,0.64
58847099999,-0.26,-0.14
58911099999,0.54,0.3
58921099999,2.46,1.89
58926099999,-0.25,-0.17
58931099999,-8.0,-4.53
58944099999,-3.51,-1.66
58968099999,-19.73,-10.23
58974099999,-20.2,-11.48
59007099999,2.16,1.87
59023099999,1.31,0.93
59046099999,-3.26,-1.75
59058099999,-10.52,-5.39
59072099999,-5.5,-3.43
59082099999,4.58,2.7
59087099999,3.56,1.32
59096099999,0.12,0.07
59102099999,-2.93,-1.7
59117099999,-3.17,-1.59
59134099999,0.99,0.54
59158099999,-12.22,-6.18
59209099999,0.54,0.37
59211099999,-0.48,-0.37
59254099999,0.64,0.36
59265099999,-1.8,-1.06
59278099999,-3.15,-1.82
59287099999,4.27,2.11
59293099999,-0.6,-0.28
59316099999,-4.02,-1.82
59358099999,2.29,0.93
59417099999,2.72,2.02
59431099999,-3.26,-1.88
59456099999,-6.28,-2.78
59493099999,-9.66,-3.42
59501099999,10.5,4.24
59559099999,-24.52,-8.36
59562099999,6.18,2.59
59567099999,-0.56,-0.28
59632099999,-14.81,-5.18
59644099999,-3.12,-1.16
59658099999,-3.16,-1.34
59663099999,1.19,0.37
59673099999,-5.81,-1.51
59758099999,-3.11,-1.1
59792099999,-9.09,-6.05
59838099999,-11.17,-4.7
59845099999,0.14,0.05
59855099999,-12.07,-3.88
59948099999,-1.18,-0.52
59981099999,-16.01,-7.57
59985099999,-1.82,-0.71
59997099999,5.82,2.17
60001099999,0.34,0.64
60005099999,-4.29,-5.36
60015099999,2.99,3.73
60020099999,-0.26,-0.6
60025099999,-1.54,-3.61
60030099999,-2.36,-6.58
60035099999,-3.97,-10.51
60040099999,0.4,1.28
60060099999,-2.81,-6.94
60101099999,-2.16,-2.31
60105099999,-1.01,-0.96
60107099999,-5.84,-9.19
60115099999,0.0,0.0
60127099999,-0.73,-0.89
60135099999,2.27,2.84
60141099999,-4.67,-6.85
60150099999,-2.17,-3.2
60155099999,5.83,8.43
60156099999,-2.5,-4.28
60185099999,2.4,4.17
60191099999,-5.82,-9.49
60195099999,1.73,4.8
60210099999,4.55,13.8
60230099999,-1.27,-2.6
60252099999,-2.06,-2.76
60265099999,-0.96,-2.95
60285099999,-0.75,-3.15
60318099999,-10.64,-10.11
60338099999,-6.82,-10.16
60340099999,-1.49,-2.56
60351099999,-0.43,-0.45
60355099999,-1.17,-1.62
60360099999,3.18,4.11
60390099999,-0.58,-0.68
60402099999,-2.56,-3.05
60419099999,-1.24,-2.28
60425099999,0.47,0.98
60430099999,1.07,1.32
60444099999,-1.49,-3.0
60445099999,-0.94,-1.89
60457099999,-0.52,-0.96
60468099999,0.1,0.25
60475099999,-1.83,-3.74
60490099999,-2.95,-5.07
60507099999,-1.53,-2.82
60511099999,-1.41,-3.17
60515099999,1.91,6.78
60522099999,1.34,3.28
60525099999,-0.39,-1.06
60531099999,0.49,0.82
60535099999,0.77,2.72
60536099999,-2.02,-3.82
60545099999,2.77,20.13
60549099999,-3.69,-7.75
60550099999,0.81,2.39
60555099999,-0.12,-0.42
60559099999,-1.21,-4.33
60560099999,-2.36,-6.93
60566099999,-1.5,-4.08
60571099999,-1.92,-6.5
60580099999,-5.03,-14.33
60581099999,-0.44,-2.39
60590099999,-0.42,-2.49
60602099999,-0.41,-1.98
60607099999,0.86,5.88
60611099999,-0.22,-1.17
60620099999,0.36,2.59
60640099999,0.18,1.81
60656099999,0.11,0.45
60670099999,-1.68,-10.73
60680599999,0.7,8.71
60710099999,-0.49,-0.45
60714099999,-2.27,-3.33
60715099999,2.87,3.98
60720099999,1.78,2.58
60725099999,-0.67,-0.95
60734099999,-3.01,-5.99
60735099999,0.56,0.97
60738099999,0.38,0.77
60740099999,1.69,2.55
60745099999,-4.15,-9.88
60748099999,0.03,0.08
60750099999,-1.88,-3.61
60760099999,-5.1,-18.26
60765099999,-3.02,-6.27
60769099999,-4.19,-8.4
60770099999,0.89,1.88
60775099999,-1.41,-5.3
60780099999,-0.97,-7.33
61017099999,2.26,8.3
61024099999,-2.3,-4.89
61036099999,-0.04,-0.06
61043099999,1.64,2.95
61045099999,-1.87,-3.77
61049099999,4.92,8.86
61052099999,5.92,7.28
61075099999,1.1,1.48
61080099999,7.38,10.5
61085099999,10.64,11.69
61090099999,2.41,3.41
61091099999,2.65,3.57
61096099999,-2.73,-3.28
61099099999,8.45,9.66
61230099999,4.31,6.63
61233099999,2.64,3.48
61257099999,-5.5,-6.98
61265099999,-1.2,-1.77
61270099999,6.61,5.68
61272099999,-6.0,-11.52
61291099999,-5.59,-3.92
61293099999,4.87,5.15
61296099999,-1.77,-1.46
61297099999,0.6,0.49
61415099999,-3.23,-10.77
61442099999,-1.85,-2.98
61600099999,-2.35,-3.16
61612099999,3.25,5.75
61627099999,-5.12,-7.05
61630099999,-5.88,-6.13
61641099999,3.31,2.89
61666099999,9.22,11.33
61679099999,-2.14,-1.71
61687099999,-4.53,-3.62
61695099999,-6.94,-4.32
61697099999,20.98,13.02
61698099999,-3.29,-2.94
61699099999,-3.29,-2.91
61701099999,4.48,2.66
61832099999,7.26,3.04
61901099999,-1.25,-3.96
61902099999,0.79,1.92
61967070701,-11.99,-4.93
61968099999,-3.14,-3.35
61970099999,-2.27,-1.31
61972099999,0.2,0.29
61974099999,0.97,0.56
61976099999,-10.14,-8.5
61980099999,-3.07,-1.25
61986099999,4.34,3.32
61988099999,-2.53,-1.89
61990099999,-1.49,-0.69
61995099999,-5.38,-2.95
61996099999,1.49,1.47
61997099999,-0.65,-0.6
61998099999,1.75,3.33
62016099999,0.86,1.73
62271099999,-0.49,-9.39
62306099999,-1.88,-4.85
62318099999,1.95,4.86
62333099999,-0.76,-6.25
62337099999,-2.49,-9.56
62366099999,2.36,12.68
62387099999,0.83,10.32
62393099999,1.68,13.68
62405099999,1.65,16.11
62414099999,0.16,12.71
62417099999,0.06,1.44
62420099999,3.73,34.49
62435099999,1.9,53.76
62440099999,1.91,10.32
62459099999,7.35,32.79
62463099999,-2.2,-12.5
62465099999,-0.1,-1.32
62721099999,-8.68,-13.74
63450099999,-0.76,-0.95
63612099999,4.31,6.74
63661099999,3.58,2.83
63671099999,-1.96,-2.39
63695099999,8.24,5.79
63708099999,-8.97,-6.21
63714099999,-2.22,-2.31
63717099999,-2.29,-1.6
63720099999,-4.11,-3.39
63723099999,-0.13,-0.16
63740099999,-1.98,-1.64
63756099999,4.07,4.12
63791099999,6.16,6.2
63793099999,-1.39,-1.32
63799099999,10.77,12.76
63820099999,11.39,9.05
63894099999,5.18,2.81
63980099999,7.31,3.67
64210099999,1.08,0.85
64400099999,-3.71,-2.54
64450099999,-0.83,-0.58
64500099999,5.16,2.17
64501099999,4.15,2.07
64551099999,-14.97,-8.48
64650099999,8.79,8.87
64700099999,-9.22,-8.65
64750099999,8.26,7.58
64860099999,2.47,1.77
64910099999,3.11,1.26
65306099999,2.69,4.0
65319099999,12.93,11.38
65330099999,-0.69,-0.65
65335099999,1.07,1.3
65338099999,2.48,2.7
65344099999,-8.19,-5.7
65352099999,2.42,2.83
65355099999,3.91,3.81
65361099999,-4.27,-4.72
65376099999,0.74,0.6
65387099999,-2.51,-2.86
65472099999,1.76,1.9
65501099999,2.46,3.09
65502099999,-4.46,-6.11
65503099999,4.9,4.49
65505099999,1.86,1.92
65507099999,-3.96,-3.64
65510099999,-4.11,-3.75
65516099999,-0.51,-0.56
65518099999,-6.41,-5.58
65522099999,-3.69,-4.95
65545099999,6.45,7.22
65557099999,-9.1,-9.14
65560099999,5.22,4.96
65562099999,-0.74,-0.84
65563099999,4.08,4.8
65578099999,-11.48,-6.54
65585099999,-4.17,-2.5
65592099999,13.74,6.87
65594099999,2.66,1.97
65599099999,5.91,4.14
67002099999,-1.9,-0.61
67005099999,-5.06,-3.0
67009099999,3.83,3.2
67012099999,-1.8,-1.02
67023099999,10.12,6.05
67027099999,-4.24,-2.52
67083099999,-2.51,-1.54
67095099999,-14.4,-5.73
67137099999,-3.93,-3.04
67197099999,-1.11,-0.67
67215099999,-5.9,-6.19
67237099999,-2.28,-1.61
67283099999,10.29,8.03
67297099999,-3.12,-2.12
67341099999,-4.69,-4.4
67665099999,0.4,0.44
67775099999,-2.59,-2.54
68014099999,-0.42,-0.52
68018099999,-7.62,-9.87
68029099999,-5.34,-6.94
68032099999,-3.34,-5.79
68054099999,-3.77,-4.88
68110099999,-3.92,-6.24
68112099999,-1.75,-3.61
68240099999,-2.91,-4.33
68242099999,-1.01,-1.65
68263099999,3.35,3.15
68267099999,-1.98,-2.66
68312099999,1.6,3.5
68368099999,3.48,3.32
68424099999,-1.34,-2.67
68438099999,-2.66,-3.62
68442099999,-1.98,-2.9
68461099999,-4.13,-5.14
68487099999,-3.05,-4.15
68512099999,-1.43,-2.87
68527099999,0.87,2.45
68538099999,-1.62,-3.02
68587099999,2.77,2.32
68588099999,1.57,1.09
68591099999,-0.06,-0.04
68618099999,-0.05,-0.11
68668099999,-4.0,-4.31
68712099999,0.93,2.72
68714099999,0.72,1.96
68717099999,-2.24,-3.98
68727099999,-2.86,-7.53
68752099999,-1.68,-3.02
68816099999,-0.6,-0.84
68828099999,-0.6,-0.65
68842099999,-0.08,-0.09
68858099999,-3.93,-3.85
68906099999,6.17,3.7
68916099999,0.88,1.76
68920099999,-1.23,-2.26
68928099999,0.88,1.48
68994099999,0.0,0.0
69015093121,-1.11,-4.15
70026027502,0.21,1.02
70063727406,-0.67,-6.54
70086027401,0.2,1.5
70133026616,-0.19,-0.53
70174026533,-0.17,-0.42
70178026529,0.33,0.97
70194026413,2.4,39.8
70200026617,2.47,4.63
70204026703,-1.38,-2.94
70207026627,2.09,8.14
70219026615,-0.52,-0.98
70231026510,-0.14,-0.34
70232026516,1.11,8.31
70246026512,5.5,21.22
70251026528,-0.75,-1.01
70259026523,0.67,1.21
70260026435,-5.45,-9.06
70261026411,3.3,7.98
70267026415,-2.66,-5.81
70271026425,0.72,1.91
70273026451,-1.05,-1.96
70273526409,1.07,4.0
70291026412,-1.15,-2.73
70296026410,-1.43,-0.78
70308025713,3.14,6.31
70316025624,-3.36,-4.66
70326025503,2.91,6.77
70340025506,1.56,2.19
70341025507,-0.53,-0.9
70350025501,-2.8,-2.1
70361025339,1.04,0.44
70362025335,3.25,6.33
70362625323,4.08,3.63
70367025322,9.14,21.42
70371025333,-0.86,-0.57
70381025309,0.46,0.45
70386025329,6.35,9.03
70395025325,-7.99,-3.51
70398025308,-5.54,-3.5
70454025704,4.37,5.88
71032099999,2.35,5.41
71043099999,-0.39,-1.19
71044099999,-1.38,-3.84
71045099999,9.17,24.28
71050099999,4.35,11.75
71051099999,-1.02,-3.44
71056399999,3.18,9.49
71060099999,-0.94,-1.24
71062099999,-0.34,-0.59
71066099999,-0.25,-0.54
71068099999,0.1,0.18
71075099999,0.78,1.27
71076099999,4.24,8.84
71077099999,2.4,4.07
71078099999,-0.44,-0.78
71079099999,0.49,0.8
71083099999,-0.16,-0.32
71101099999,2.84,3.15
71104099999,-2.02,-3.6
71108099999,2.78,2.18
71109099999,0.76,0.56
71110099999,-1.26,-1.66
71113099999,3.6,2.98
71114099999,7.39,4.18
71115099999,-1.72,-6.89
71116099999,3.73,6.32
71120099999,-2.55,-4.27
71121099999,-0.12,-0.22
71122099999,0.53,1.17
71123099999,0.87,1.33
71125099999,-0.38,-0.69
71129099999,0.41,0.77
71130099999,-0.08,-0.13
71131099999,1.66,3.24
71132099999,-0.38,-0.82
71133099999,7.02,12.07
71135099999,2.5,5.37
71137099999,-1.99,-3.84
71139099999,0.27,0.43
71140099999,3.3,5.2
71145099999,0.32,0.47
71147099999,-6.1,-8.98
71148099999,-1.48,-2.17
71150099999,3.23,5.79
71153099999,4.02,6.74
71154099999,-2.0,-2.49
71170099999,1.64,2.27
71188099999,-2.08,-2.36
71193099999,0.5,0.66
71196099999,-5.99,-7.57
71197099999,10.85,11.77
71200099999,3.4,4.62
71201099999,-2.24,-2.88
71203099999,0.79,2.25
71207099999,-1.71,-0.98
71211099999,2.1,3.19
71215099999,1.74,6.31
71216099999,2.54,4.17
71218099999,12.64,15.36
71222099999,-1.33,-2.62
71230099999,3.76,7.21
71231099999,-1.91,-4.43
71232099999,-0.58,-0.75
71234099999,0.21,0.34
71235099999,-3.38,-5.97
71236099999,-0.59,-1.17
71238099999,1.95,3.76
71240099999,-1.61,-4.66
71242099999,-0.78,-1.37
71243099999,0.24,0.48
71244099999,6.27,9.6
71246099999,0.18,0.35
71248099999,-4.0,-7.01
71249099999,-2.08,-4.09
71251099999,-4.0,-9.41
71254099999,0.41,1.0
71255099999,2.43,4.8
71260099999,1.4,2.03
71261099999,1.29,2.17
71263099999,-1.29,-2.13
71265099999,-0.31,-0.56
71270099999,2.04,2.54
71282099999,-16.76,-24.2
71319099999,-14.56,-20.49
71323099999,-2.2,-2.6
71368099999,-2.98,-5.11
71371099999,1.27,1.78
71372099999,0.96,1.22
71373099999,-0.01,-0.01
71376099999,3.61,5.53
71377099999,3.24,4.03
71378099999,-2.55,-6.03
71379099999,3.69,7.02
71381099999,4.4,19.68
71382099999,3.34,4.8
71383099999,5.29,7.08
71384099999,-1.39,-2.29
71392099999,-0.47,-0.58
71395099999,-4.09,-5.14
71397099999,-0.32,-0.36
71398099999,2.34,3.3
71400099999,-2.29,-2.55
71402099999,4.11,6.98
71406099999,-1.91,-3.68
71410099999,-3.85,-5.87
71411099999,-0.07,-0.07
71412099999,0.74,0.97
71415099999,-4.17,-6.06
71417099999,-2.65,-4.35
71421099999,-1.9,-3.85
71423099999,11.3,16.84
71425099999,-1.08,-1.77
71427099999,-3.57,-5.03
71428099999,-1.06,-2.11
71429099999,-1.61,-2.2
71430099999,0.74,0.98
71431099999,2.66,3.06
71432099999,-2.89,-4.05
71433099999,-1.87,-8.4
71434099999,-2.15,-3.64
71435099999,-6.94,-9.12
71436099999,3.41,5.9
71440099999,0.01,0.02
71441099999,0.23,0.38
71442099999,-0.56,-0.96
71443099999,-0.17,-0.28
71444099999,0.98,1.62
71445099999,-0.19,-0.54
71446099999,-2.19,-4.68
71447099999,-1.17,-1.94
71448099999,6.18,8.15
71450099999,-1.48,-2.52
71451099999,-0.74,-1.53
71452099999,2.35,4.54
71453099999,-1.95,-4.03
71454099999,0.39,0.56
71455099999,-0.44,-1.01
71456099999,2.52,4.14
71457099999,1.37,2.63
71458099999,-0.71,-1.54
71459099999,1.44,3.13
71460099999,-4.75,-49.24
71465099999,-1.44,-16.74
71472099999,5.44,7.86
71473099999,-4.18,-8.87
71475099999,-0.9,-0.53
71476099999,-0.19,-0.17
71477099999,-2.74,-3.67
71478099999,4.85,4.32
71479099999,-0.29,-0.33
71481099999,-4.37,-9.1
71482099999,5.59,3.66
71483099999,-0.42,-0.52
71484099999,3.12,3.86
71485099999,-4.83,-5.31
71486099999,-0.56,-1.35
71487099999,-1.29,-2.32
71488099999,-0.66,-1.17
71496099999,3.79,5.98
71501099999,-1.39,-5.95
71505099999,4.85,7.7
71510099999,-0.65,-1.45
71511099999,1.44,2.76
71512099999,-4.96,-5.38
71514099999,0.06,0.09
71516099999,-6.99,-10.46
71523099999,0.94,3.05
71524099999,1.04,1.47
71527099999,2.2,2.09
71538099999,1.08,1.34
71551099999,-2.71,-4.5
71599099999,-7.4,-5.95
71600099999,2.65,2.62
71603099999,0.58,0.67
71607099999,-3.37,-3.52
71609099999,-2.46,-2.27
71610099999,2.78,3.42
71611099999,8.58,9.37
71612099999,-2.2,-3.39
71614099999,-1.05,-1.4
71616099999,-0.69,-1.1
71617099999,-1.02,-1.92
71618099999,2.29,3.41
71619099999,-1.08,-1.67
71621099999,-1.89,-2.57
71624099999,-1.16,-1.54
71625099999,0.35,0.73
71627094792,0.06,0.08
71628099999,1.6,2.23
71631099999,1.4,1.8
71632099999,1.81,1.73
71633099999,1.51,1.9
71675099999,0.13,0.36
71700099999,-3.88,-4.4
71702099999,7.71,8.13
71705099999,-1.26,-1.26
71706099999,1.91,1.88
71707099999,1.75,1.6
71709099999,-2.93,-4.23
71710099999,-0.59,-0.81
71712099999,-1.37,-1.93
71713099999,7.26,8.31
71714099999,1.23,1.44
71715099999,-0.84,-1.15
71718099999,1.42,1.94
71719099999,-2.21,-2.85
71720099999,-3.75,-4.58
71721099999,3.29,5.25
71723099999,5.37,7.04
71724099999,-2.74,-5.0
71725099999,-1.47,-1.94
71726099999,3.48,5.76
71727099999,-1.42,-2.27
71728099999,2.64,4.0
71730099999,0.61,0.77
71731099999,3.45,4.76
71733099999,3.38,5.01
71734099999,-1.06,-2.15
71738099999,-0.81,-1.03
71748099999,0.8,1.22
71768099999,-2.15,-6.54
71770099999,2.11,3.7
71774099999,10.64,10.42
71775099999,-0.69,-0.54
71776099999,1.41,2.37
71777099999,-2.41,-3.48
71780099999,0.97,0.88
71782099999,0.51,1.16
71783099999,-2.43,-3.64
71784099999,-1.51,-1.02
71785099999,1.8,1.84
71799099999,2.47,2.75
71800099999,-0.08,-0.1
71801099999,2.52,2.45
71803099999,-1.55,-1.76
71805099999,-0.38,-0.5
71807099999,3.28,4.41
71808099999,0.0,0.0
71809099999,-4.39,-5.68
71810099999,2.69,4.38
71813099999,1.22,1.51
71814099999,3.68,4.59
71815099999,-0.96,-1.16
71816099999,1.96,2.85
71818099999,1.07,1.36
71819099999,-0.76,-0.99
71823099999,7.81,8.68
71825099999,-0.87,-1.67
71826099999,2.66,6.32
71827099999,-1.58,-2.65
71828099999,-4.05,-7.65
71829099999,0.23,0.4
71831099999,-3.01,-4.01
71832099999,-1.86,-3.0
71834099999,0.46,0.69
71841099999,3.93,5.7
71842099999,-0.18,-0.25
71845099999,-2.45,-4.16
71846099999,0.39,0.71
71848099999,-0.3,-0.62
71850099999,-0.45,-0.51
71851099999,-1.2,-1.94
71854099999,0.85,1.32
71858099999,-0.11,-0.19
71861099999,2.85,4.63
71862099999,2.1,3.56
71865099999,-0.55,-0.9
71867099999,-0.28,-0.46
71868099999,3.69,5.46
71869099999,-1.74,-3.01
71871099999,1.52,2.87
71872099999,0.03,0.07
71876099999,-0.22,-0.37
71877099999,-1.51,-2.67
71878099999,-1.84,-2.92
71880099999,0.03,0.05
71882099999,-2.68,-3.49
71883099999,-3.34,-3.63
71887099999,-1.42,-3.23
71888099999,-1.16,-2.52
71889099999,-1.29,-3.48
71892099999,0.46,0.49
71893099999,-0.36,-0.32
71894099999,-8.36,-4.63
71896099999,-2.05,-3.9
71900099999,4.86,7.78
71902099999,-1.6,-2.42
71906099999,-0.85,-2.01
71907099999,1.12,2.38
71912099999,0.9,1.5
71915099999,-0.94,-2.41
71917099999,2.7,9.73
71920099999,-3.53,-4.87
71922099999,2.55,4.12
71923099999,2.38,5.49
71924099999,0.29,1.08
71925099999,-0.81,-3.41
71926099999,-1.23,-3.15
71927099999,-2.77,-3.6
71928099999,1.95,3.12
71930099999,-5.43,-8.15
71933099999,-0.93,-1.83
71934099999,-0.09,-0.19
71935099999,1.37,2.76
71936099999,-0.95,-2.84
71938099999,-3.92,-11.02
71940099999,-2.14,-3.67
71943099999,0.69,1.11
71944099999,-0.66,-1.33
71945099999,-1.61,-2.67
71946099999,-0.6,-1.24
71949099999,-0.08,-0.33
71950099999,0.64,1.28
71951099999,4.88,3.72
71966099999,0.61,1.58
71967099999,1.32,2.17
71984099999,0.11,0.44
72201012836,-5.99,-3.57
72201512850,0.23,0.16
72202012839,6.11,3.47
72202612826,0.6,0.33
72203012844,-6.06,-3.26
72204012838,1.07,1.16
72205012815,-1.42,-1.07
72205712854,-6.78,-7.55
72206013889,-5.97,-3.75
72206593837,-0.59,-0.46
72206603853,-6.92,-5.71
72207003822,5.49,4.04
72208013880,2.6,1.75
72208593831,4.55,3.43
72210492806,3.62,3.87
72210612835,-1.09,-0.71
72211012842,0.05,0.03
72212012833,7.76,8.28
72213713878,5.27,4.09
72214093805,4.23,2.63
72216013869,-1.15,-1.13
72216693845,1.09,0.91
72217003813,1.59,1.27
72217513860,-4.25,-3.51
72218003820,4.9,3.96
72219013874,3.3,3.01
72220012832,-1.23,-0.77
72221013858,2.81,1.53
72221513884,-3.92,-2.85
72222313899,-7.23,-3.67
72222503855,-8.85,-4.91
72222693841,-7.5,-5.05
72223013894,-3.57,-1.78
72223513838,-1.73,-1.57
72224603844,-1.74,-1.76
72225013829,4.53,3.45
72225593842,0.01,0.01
72226013895,-2.02,-1.55
72226513821,0.34,0.26
72226703878,1.63,1.39
72226903850,-2.78,-2.33
72227013864,1.65,1.73
72228013876,-0.52,-0.41
72228693806,3.69,3.4
72228713871,1.13,1.05
72231012916,-4.94,-2.81
72231553917,2.01,1.54
72231612958,-3.38,-2.48
72234013865,0.99,0.66
72234503866,-4.61,-3.9
72235003940,-1.77,-1.27
72235893919,-2.14,-1.34
72239003931,10.89,7.48
72240003937,12.24,6.96
72240513976,12.45,7.4
72241012917,15.83,7.82
72242012923,9.74,7.57
72243012960,5.08,2.98
72244693987,1.42,0.92
72244813972,-1.63,-1.82
72247003901,2.13,2.66
72248013957,-1.79,-1.12
72248513944,-3.6,-2.11
72248613942,-1.54,-1.03
72248713935,2.98,2.12
72250012919,0.13,0.1
72250512904,7.03,8.51
72250612959,2.94,3.07
72251012924,3.01,2.09
72251512926,3.37,2.34
72251612928,3.15,3.24
72251712932,6.9,5.86
72252612947,-3.06,-3.01
72253012921,-2.46,-1.79
72253312962,-0.52,-0.57
72253512909,-2.84,-2.46
72253612911,-1.66,-1.48
72255012912,3.55,2.45
72255512935,5.97,4.02
72256013959,-3.09,-2.47
72257003933,0.42,0.45
72257603902,-6.95,-6.68
72259003927,0.12,0.11
72259513911,-1.29,-1.25
72259793985,-3.46,-3.14
72260003969,8.92,12.41
72261022010,2.24,2.42
72261522001,0.55,0.45
72262023055,1.89,5.56
72263023034,-1.45,-1.42
72264093035,-1.67,-4.11
72265023023,-3.42,-4.86
72265623040,-2.79,-5.27
72266013962,1.03,1.0
72267023042,-3.56,-4.07
72268023009,2.62,4.37
72268623008,1.82,2.51
72268793033,1.45,2.6
72268893034,0.88,1.53
72270023044,0.89,2.1
72271093045,-0.46,-1.12
72273003124,-0.57,-1.19
72274023160,-0.04,-0.06
72274523109,-0.61,-1.25
72278023183,0.28,0.62
72278523111,-14.12,-19.66
72281023199,-0.97,-5.6
72286023119,-1.68,-3.15
72288023152,-1.74,-4.25
72288623130,-2.82,-7.66
72290023188,0.58,0.74
72290693112,-1.33,-3.16
72290993115,-0.7,-2.36
72291093116,-0.19,-0.76
72292593117,2.22,9.87
72292603154,-0.81,-1.38
72295023174,0.17,0.2
72297023129,-0.51,-0.79
72297793184,1.12,3.66
72303013714,-5.47,-5.02
72306013722,1.5,1.23
72306613713,-6.74,-5.14
72306793726,1.1,19.93
72307513769,-2.32,-1.87
72308013737,-0.7,-0.49
72308513750,-6.54,-5.44
72308793735,4.47,3.9
72309013754,-1.26,-0.9
72309593719,1.05,0.73
72309693727,6.3,4.24
72310013883,7.99,6.43
72310613744,-0.14,-0.13
72311013873,-1.95,-1.46
72311913886,1.88,2.96
72312003870,1.52,1.25
72313993729,-3.41,-2.24
72314013881,0.54,0.64
72315003812,3.32,3.19
72317013723,-3.19,-2.74
72319393807,1.8,1.94
72320093801,3.41,5.06
72323003856,-2.06,-1.55
72323513896,7.43,6.97
72324013882,-3.44,-2.86
72326013891,3.15,2.82
72327013897,-4.29,-3.59
72330613825,4.43,3.84
72332093862,5.07,3.88
72334013893,-2.13,-1.58
72334603811,3.95,3.33
72334703809,-6.48,-5.89
72340313963,1.63,1.21
72340503930,-0.71,-0.59
72341793988,1.48,1.54
72341813977,6.01,5.68
72341993992,2.02,1.64
72344013964,1.43,1.03
72344593993,-4.19,-3.01
72349513987,-3.1,-2.41
72351013966,-3.43,-3.61
72352013902,1.88,1.6
72352593986,2.33,2.15
72353013967,-0.99,-0.73
72354013919,1.38,1.12
72355013945,3.79,3.74
72356013968,-3.92,-3.14
72356693950,1.31,1.12
72360023051,-0.06,-0.12
72362723081,-1.29,-2.62
72363023047,-2.35,-2.99
72365023050,-0.65,-1.65
72365623049,0.38,1.03
72365823090,0.56,2.01
72367623048,-0.48,-1.0
72367723054,0.82,1.52
72372323184,1.01,2.11
72374023194,-0.89,-4.51
72380523179,-0.88,-4.54
72381023114,-3.05,-7.89
72381523161,-0.4,-1.39
72381603159,-0.4,-0.99
72382023182,1.66,6.74
72383023187,-0.33,-0.78
72384023155,0.65,1.72
72386023169,-0.76,-2.63
72387003160,-0.96,-2.58
72389093193,0.45,0.87
72391093111,1.16,1.92
72392523190,-3.07,-3.65
72392793110,1.2,3.19
72394023273,-3.28,-4.37
72396593209,1.79,2.29
72401013740,0.19,0.16
72401693736,0.91,0.96
72402093739,-3.24,-2.63
72403093738,-4.34,-3.64
72403513773,-2.57,-2.88
72403793728,-2.08,-2.25
72404013721,-7.26,-6.38
72405013743,-0.8,-0.89
72406093721,0.97,0.95
72407093730,1.33,1.33
72407513735,-2.15,-2.16
72408013739,-3.15,-2.94
72408594732,-0.78,-1.03
72408813707,-0.99,-0.91
72409514792,-2.41,-3.55
72409614706,-7.87,-7.91
72410013733,3.74,3.83
72410613728,-1.42,-1.59
72411013741,2.64,2.34
72412003872,-0.6,-0.76
72414013866,-0.34,-0.4
72417013729,-1.81,-2.44
72417613736,-1.53,-1.79
72417713734,2.4,2.46
72421093814,-2.54,-2.65
72422093820,-0.24,-0.21
72423093821,-5.52,-4.82
72423513810,0.07,0.12
72424013807,-0.79,-0.76
72424303849,-1.39,-1.36
72425003860,-1.86,-1.93
72427303804,1.91,2.26
72427514894,3.04,5.38
72428014821,-0.85,-0.86
72428693824,-0.42,-0.56
72429093815,-2.87,-3.05
72429793812,2.16,2.23
72432093817,-0.25,-0.23
72433813802,-0.57,-0.57
72434013994,-0.43,-0.38
72434503966,0.86,0.84
72435003816,1.51,1.33
72438093819,-1.69,-1.71
72438614835,-1.12,-1.36
72439093822,0.92,0.94
72440013995,2.24,1.68
72445003945,1.4,1.19
72445514938,-7.49,-7.57
72445703938,-0.37,-0.34
72446003947,-1.67,-1.45
72446313988,-0.16,-0.16
72446713930,-6.26,-5.42
72447593909,9.9,14.38
72449013993,2.91,4.01
72450003928,-2.43,-2.16
72450503923,-0.79,-0.66
72450613986,-1.67,-2.03
72450713981,-3.15,-2.2
72451013985,1.03,1.17
72451523064,0.04,0.05
72452003957,1.62,2.34
72455013947,-6.41,-5.71
72455613989,-0.77,-0.77
72456013996,-1.23,-1.04
72456513920,1.28,2.0
72458013984,-0.88,-0.92
72458593997,1.28,1.7
72458603919,3.48,4.05
72462023061,-0.12,-0.45
72463523067,2.01,3.97
72464093058,1.6,3.48
72464523070,0.01,0.02
72465023065,2.91,3.69
72465593990,4.92,7.57
72466093037,-1.07,-1.71
72466593010,-1.02,-1.76
72467523063,1.12,4.95
72468094015,3.44,4.6
72469523036,-2.72,-5.06
72469824015,-2.41,-3.81
72475593129,-0.12,-0.36
72476023066,0.21,0.47
72479723176,-3.47,-8.97
72480023157,-3.69,-11.2
72483023232,4.09,5.47
72483793216,1.12,1.32
72483993225,3.5,8.99
72485523153,-0.28,-1.02
72486023154,-0.01,-0.03
72488023185,1.11,3.22
72488593102,-0.41,-1.63
72492023237,0.75,1.5
72492623258,1.52,5.34
72493023230,2.53,6.04
72494023234,-0.6,-0.73
72494523293,-0.34,-0.96
72502014734,0.29,0.27
72502594741,3.1,3.93
72503014732,-0.17,-0.17
72503614757,-2.64,-3.13
72503794745,-4.7,-6.05
72504094702,3.58,4.02
72504514758,-2.68,-4.28
72504614707,-3.6,-5.84
72505894793,2.57,4.18
72507014765,-1.48,-1.47
72508014740,-5.0,-4.98
72508714752,-1.74,-2.56
72509014739,-0.56,-0.56
72511814751,-0.88,-1.18
72512504787,4.2,6.94
72512614736,2.25,2.77
72512704726,0.55,0.89
72513014777,5.7,6.13
72514014778,-5.19,-6.01
72515004725,-0.79,-0.85
72515614748,-1.52,-2.1
72517014737,1.38,1.23
72518014735,-3.03,-3.48
72519014771,2.19,2.65
72520094823,2.44,3.39
72520514762,5.25,8.58
72521014895,-0.45,-0.54
72524014820,-1.09,-1.22
72525014852,1.86,2.4
72526014860,-2.26,-3.07
72526604751,0.68,0.99
72526794868,2.52,5.33
72528014733,-0.31,-0.35
72528704724,-0.26,-0.37
72529014768,-2.63,-3.63
72530094846,-0.93,-0.78
72532014842,-1.3,-1.37
72533014827,1.92,2.43
72534014819,-2.56,-3.91
72535014848,1.94,1.83
72536094830,-3.27,-4.28
72536614825,2.33,2.84
72537094847,1.63,1.9
72537514822,4.02,8.23
72537714804,-1.73,-2.22
72539014836,-1.87,-2.33
72539514833,4.15,5.64
72539614815,-1.98,-3.44
72543094822,2.91,3.07
72544014923,-1.97,-2.02
72545014990,-2.68,-2.67
72546014933,3.63,3.87
72546514950,-1.18,-1.51
72547094908,-4.54,-4.21
72548094910,0.79,0.85
72548514940,-2.33,-2.26
72550014942,-3.53,-3.47
72551014939,-4.8,-4.87
72552014935,0.93,1.04
72554014949,-1.84,-1.87
72556014941,-5.16,-5.92
72557014943,-2.89,-3.05
72561024030,-3.72,-6.99
72562024023,-2.02,-3.01
72562624091,-0.52,-1.07
72563624017,0.18,0.39
72564024018,-1.59,-2.7
72564524022,-0.25,-0.68
72565003017,-2.14,-4.32
72566024028,1.14,1.94
72567024032,2.16,2.53
72569024089,-1.2,-2.55
72572024127,0.03,0.07
72574424027,-0.21,-0.51
72575024126,0.09,0.35
72575524101,0.87,1.8
72576024021,-2.0,-3.67
72577504111,-0.19,-0.91
72578024156,-1.54,-4.99
72578524145,1.28,4.03
72580524172,-0.48,-1.79
72581024193,0.25,2.14
72582524121,0.09,0.3
72583024128,-1.06,-3.38
72584523225,-4.08,-2.71
72586724133,-0.54,-1.88
72589594236,0.38,1.13
72590523275,-1.34,-1.21
72591024216,-1.16,-1.39
72592024257,-2.43,-2.21
72594524283,2.94,4.18
72594624286,-3.42,-2.85
72595524259,-0.66,-2.29
72595724215,-3.24,-3.61
72597024225,0.79,1.29
72597524235,3.03,3.83
72598524267,-0.44,-0.31
72605014745,-3.45,-3.59
72606014764,-3.78,-3.32
72614054742,-3.42,-4.71
72614594705,-5.42,-6.97
72617014742,-1.41,-1.58
72618514605,-0.67,-0.94
72622394725,2.29,3.26
72622794790,-0.42,-0.62
72635094860,-2.84,-2.24
72636014840,6.56,7.06
72637014826,-2.9,-3.56
72637914845,-0.58,-0.74
72638094814,0.42,0.5
72638714850,-1.23,-2.09
72639094849,1.36,1.97
72640014839,-5.71,-5.29
72641014837,-2.39,-2.17
72641614921,-0.73,-0.85
72643014920,6.99,8.15
72643514991,2.09,2.47
72643694930,6.13,7.29
72644014925,-0.18,-0.17
72645014898,0.59,0.76
72646314897,2.85,3.75
72651014944,-4.59,-4.86
72654014936,-0.59,-0.75
72654614946,0.79,1.16
72655014926,0.86,1.06
72655714910,3.14,3.96
72658014922,2.07,2.28
72659014929,-4.52,-5.73
72662024090,-0.38,-0.64
72662524006,3.42,5.09
72666024029,-0.05,-0.1
72666494173,-3.81,-10.22
72677024033,-3.07,-5.44
72677624036,-1.21,-1.99
72679724132,-1.43,-3.22
72679824150,-1.94,-5.36
72681024131,0.4,0.95
72681524106,1.41,5.16
72683094185,0.24,0.83
72688024155,0.96,3.31
72688424148,-0.22,-0.75
72688524152,1.33,2.8
72688624130,-0.51,-1.87
72690424231,-0.4,-0.74
72691724284,2.61,2.44
72693024221,0.4,0.35
72694024232,-0.02,-0.02
72698024229,-0.63,-0.81
72698824219,-1.72,-4.69
72712014607,-0.96,-1.21
72713014604,1.19,2.66
72734014847,1.47,2.2
72734714841,-1.02,-1.53
72744014858,0.01,0.02
72745014913,-0.88,-1.11
72745394967,0.27,0.35
72745594931,-1.61,-2.39
72747014918,-0.83,-1.08
72747694961,0.86,1.28
72753014914,-1.41,-1.81
72753514919,0.36,0.48
72757594925,1.95,2.47
72764024011,-1.14,-1.5
72767094014,0.52,0.91
72767594011,-1.62,-2.62
72767624013,-2.44,-4.3
72768094008,-1.43,-2.83
72772024144,-0.61,-1.46
72773024153,0.59,1.69
72775024143,0.26,0.36
72775524112,-1.34,-2.77
72776099999,0.63,1.27
72777094012,0.31,0.86
72779024146,0.11,0.25
72781024243,-0.87,-2.97
72781524237,-3.04,-1.92
72782724110,0.61,5.22
72783024149,1.02,3.53
72784524163,0.3,2.54
72784624160,-0.19,-0.53
72785024157,-1.13,-3.34
72785524114,0.03,0.06
72791094224,-1.39,-0.92
72792024227,-1.95,-1.81
72792394225,0.58,0.46
72792424223,-3.58,-5.87
72793024233,0.68,0.77
72793524234,-1.24,-2.37
72797094240,-3.22,-1.67
72797624217,1.77,2.52
74206024207,-0.22,-0.21
74230024037,-0.21,-0.42
74394514710,-3.37,-5.16
74486094789,-1.36,-1.32
74486514719,-0.15,-0.21
74491014703,-0.78,-0.82
74491514775,-0.46,-0.68
74509023244,0.8,1.4
74516023202,7.08,7.94
74531093065,-4.24,-8.45
74570013840,-1.38,-1.59
74594013705,-4.59,-4.58
74598013702,-2.75,-2.45
74612093104,1.19,5.41
74671013806,-2.96,-2.43
74671693808,-1.29,-1.09
74693093737,2.02,1.66
74702023110,0.1,0.32
74718703104,0.01,0.04
74718823158,0.12,0.52
74740013973,-0.28,-0.55
74768613820,2.93,1.67
74775013846,8.43,5.58
74777003852,1.3,0.65
74788012810,5.59,3.48
74790013849,1.39,1.28
74791013717,10.56,13.66
74791593718,5.09,5.29
74795012867,3.18,2.18
76001399999,0.49,1.31
76005399999,0.75,2.75
76075399999,-0.51,-3.72
76122099999,0.95,1.99
76160099999,3.12,2.64
76220099999,7.02,9.6
76225099999,-3.19,-4.83
76225399999,-1.23,-12.75
76243099999,-3.23,-4.59
76253099999,1.4,2.04
76255599999,2.33,9.66
76256099999,-4.18,-5.96
76286399999,2.57,5.32
76305099999,-1.94,-2.95
76323099999,-2.11,-2.35
76342099999,2.11,2.9
76350399999,-0.89,-2.03
76361599999,-0.31,-0.77
76382099999,4.9,6.89
76390099999,-0.08,-0.11
76393099999,1.57,1.22
76394099999,0.74,3.38
76394399999,-3.75,-8.87
76399399999,-0.42,-0.56
76402099999,-1.88,-2.85
76405099999,-1.34,-2.52
76405599999,0.71,1.68
76405699999,-0.27,-0.88
76412099999,0.92,0.94
76423099999,0.47,0.77
76423599999,0.13,0.33
76458099999,2.5,1.74
76459399999,0.3,0.73
76491099999,-8.71,-5.04
76491599999,1.31,3.36
76539099999,-3.57,-4.38
76548099999,-12.49,-5.81
76549399999,2.04,2.41
76556099999,-2.47,-1.73
76571099999,1.88,2.23
76577099999,-26.36,-27.03
76577399999,-0.11,-0.37
76581099999,-0.94,-1.28
76593099999,8.68,8.51
76601399999,1.09,1.85
76613399999,0.46,0.8
76625099999,1.42,1.91
76634099999,0.63,0.99
76640099999,3.44,1.47
76644099999,12.65,7.22
76654099999,6.02,2.62
76658099999,-2.26,-2.45
76662099999,-0.4,-0.49
76665099999,1.35,1.84
76665599999,-0.75,-1.98
76675099999,0.45,0.5
76683099999,-0.89,-1.01
76685099999,-3.1,-2.48
76687099999,-0.88,-0.45
76691399999,1.5,1.74
76692099999,-6.49,-3.08
76695099999,2.8,1.46
76726099999,-0.21,-0.15
76737099999,-10.42,-6.63
76738399999,-3.69,-3.57
76741099999,-12.64,-5.71
76743399999,-0.22,-0.21
76749399999,-1.49,-2.66
76750099999,-2.33,-1.2
76758499999,-9.28,-11.64
76762099999,4.52,4.9
76775599999,2.54,3.68
76805099999,-0.16,-0.08
76805699999,1.97,5.38
76843099999,-3.66,-2.68
76848099999,4.14,4.19
76848599999,-0.05,-0.09
76855699999,-5.74,-9.67
76903099999,-4.47,-2.2
76904399999,1.09,4.72
78016013601,-1.3,-1.41
78062099999,-0.52,-0.32
78073099999,1.16,0.65
78229099999,-12.32,-15.23
78255099999,-4.32,-5.67
78264099999,-11.18,-18.34
78367011706,-11.74,-8.39
78384011813,0.95,0.79
78388099999,2.77,1.96
78397099999,3.55,2.01
78439099999,0.19,0.68
78458099999,10.36,5.93
78460099999,3.91,3.28
78479099999,-2.34,-1.8
78482099999,3.25,1.84
78485099999,-12.2,-7.63
78486099999,-8.48,-5.9
78535011630,1.88,1.26
78543011640,-8.94,-7.56
78583099999,3.31,1.64
78627099999,-10.77,-13.46
78637099999,-11.21,-4.68
78641099999,-7.16,-6.4
78647099999,-17.89,-10.48
78663099999,7.2,5.26
78700099999,0.21,0.12
78703099999,-3.99,-2.14
78705099999,-3.92,-1.32
78706099999,10.16,4.38
78707099999,-4.02,-3.04
78708099999,-8.52,-6.0
78711099999,-7.19,-3.66
78714099999,-2.49,-2.37
78717099999,6.27,4.32
78719099999,-8.05,-7.71
78720099999,4.66,3.68
78724099999,-4.27,-1.96
78762099999,-1.36,-0.71
78767099999,-7.42,-2.78
78774099999,-0.71,-0.55
78793099999,-6.5,-3.45
78858099999,-3.86,-3.26
78862099999,-7.55,-6.0
80001099999,10.94,6.66
80009099999,-1.79,-3.39
80022099999,2.31,2.16
80028099999,0.12,0.13
80094099999,-3.22,-3.1
80112099999,-6.56,-4.3
80210099999,2.75,2.52
80222099999,3.04,2.89
80259099999,-5.86,-5.81
80398099999,7.16,4.41
80410099999,-2.66,-3.11
80415099999,-6.96,-6.42
80428099999,-8.64,-6.08
80447099999,4.96,5.06
81200099999,2.98,2.23
81225099999,-0.16,-0.11
81405099999,-9.57,-5.05
82022099999,-6.41,-5.92
82193099999,-1.75,-1.36
82281099999,-1.81,-1.71
82317099999,4.95,4.02
82332099999,11.52,10.87
82398099999,6.89,6.46
82400099999,11.9,9.0
82579099999,3.1,2.96
82599099999,-0.78,-0.7
82899099999,4.24,3.27
82917099999,2.18,2.45
82965099999,-7.43,-6.18
82993099999,-3.87,-3.11
83208099999,-1.36,-1.41
83349099999,-6.71,-6.56
83362099999,-4.43,-3.6
83378099999,1.73,1.84
83552099999,-0.48,-1.68
83587099999,8.64,13.07
83612099999,5.32,4.07
83649099999,1.55,1.21
83780099999,-15.77,-17.72
83827099999,7.66,7.25
83840099999,-3.85,-3.75
83899099999,4.84,3.24
83971099999,-0.28,-0.22
84117099999,0.71,1.44
84203099999,6.54,5.71
84370099999,-0.42,-0.42
84377099999,8.95,4.65
84390099999,0.06,0.13
84401099999,2.08,6.49
84452099999,3.97,17.75
84455099999,-1.6,-1.98
84501099999,6.29,39.31
84515099999,-1.31,-1.2
84628099999,0.67,5.81
84658099999,3.32,2.27
84686099999,0.86,1.03
84691099999,1.57,9.1
84735099999,0.28,0.36
84752099999,5.48,17.33
84782099999,-0.04,-0.5
85041099999,-6.06,-5.08
85043099999,1.94,1.58
85104099999,-6.16,-3.71
85114099999,3.66,2.49
85123099999,1.75,1.26
85140099999,6.94,4.75
85141099999,2.2,1.34
85154099999,3.7,2.45
85196099999,0.18,0.24
85201099999,-0.46,-0.82
85207099999,-6.26,-8.5
85223099999,1.23,1.73
85242099999,-1.97,-4.32
85244099999,5.53,5.25
85245099999,5.11,4.38
85247099999,-1.48,-2.58
85268099999,0.59,0.88
85289099999,1.86,2.28
85293099999,0.45,1.21
85315099999,0.93,1.45
85345099999,-3.87,-6.19
85364099999,1.49,2.91
85365099999,-1.67,-2.19
85406099999,-0.32,-1.84
85418099999,0.38,4.34
85442099999,0.2,0.91
85469099999,-5.56,-4.61
85488099999,0.49,1.19
85574099999,1.46,2.41
85585099999,-3.24,-3.02
85629099999,2.27,2.83
85682099999,-3.32,-2.76
85743099999,3.48,3.8
85766099999,0.8,0.65
85799099999,-0.55,-0.51
85874099999,-0.63,-1.35
85934099999,-0.71,-1.86
86068099999,-1.87,-2.61
86097099999,0.81,0.54
86134099999,9.51,7.53
86218099999,-0.73,-0.55
86233099999,-0.94,-0.85
86260099999,-15.89,-12.68
86297099999,3.33,2.5
86330099999,-1.58,-1.18
86350099999,6.15,4.43
86360099999,-2.71,-2.03
86440099999,-0.24,-0.21
86460099999,2.78,2.1
86490099999,2.0,2.19
86530099999,-12.84,-12.7
86560099999,1.31,1.25
86565099999,-0.33,-0.29
86575099999,-1.78,-1.63
86580099999,7.01,5.96
86585099999,2.45,2.48
87016099999,2.02,1.7
87022099999,-2.49,-1.89
87046099999,12.08,9.54
87047099999,5.13,5.57
87097099999,3.15,1.87
87121099999,15.78,9.2
87129099999,-1.33,-0.96
87155099999,-5.2,-3.4
87162099999,5.71,4.35
87166099999,-1.26,-0.94
87178099999,0.66,0.43
87217099999,-0.06,-0.07
87222099999,-2.6,-3.17
87244099999,-6.07,-6.78
87257099999,-0.89,-0.62
87270099999,-3.66,-2.67
87289099999,3.39,2.1
87311099999,-2.36,-4.27
87320099999,-12.35,-13.45
87328099999,-0.54,-0.67
87344099999,-0.71,-0.63
87349099999,-5.35,-6.22
87371099999,8.19,6.86
87374099999,8.26,7.05
87393099999,-4.9,-3.8
87395099999,-2.61,-1.78
87416099999,1.79,2.78
87418099999,-6.25,-9.72
87436099999,-11.25,-10.84
87448099999,-1.22,-1.33
87453099999,-2.91,-2.66
87467099999,-4.78,-4.53
87480099999,4.79,4.09
87497099999,-9.37,-7.59
87506099999,-1.4,-2.72
87509099999,-7.77,-10.33
87534099999,0.9,1.04
87548099999,-6.03,-5.88
87576099999,1.72,1.9
87582099999,-1.95,-1.6
87593099999,4.03,3.94
87623099999,-1.94,-2.45
87645099999,0.46,0.49
87648099999,5.38,5.03
87692099999,0.84,0.83
87715099999,2.56,3.81
87750099999,-0.65,-0.69
87765099999,0.44,0.61
87784099999,1.29,2.42
87791099999,2.6,4.41
87803099999,-7.27,-9.89
87828099999,3.57,5.5
87860099999,3.05,5.2
87909099999,-2.12,-4.98
87925099999,-3.64,-8.08
87938099999,-4.5,-9.83
88889099999,-3.66,-6.43
88963099999,-24.99,-15.27
88968099999,-16.98,-8.86
89034099999,-1.94,-4.99
89050099999,-1.07,-2.92
89053099999,1.13,3.62
89055099999,-2.21,-11.03
89056099999,1.91,6.08
89057099999,5.91,14.06
89059099999,0.98,2.01
89066099999,-4.44,-10.69
89512099999,-0.71,-1.84
89564099999,-0.03,-12.5
89571099999,0.68,13.52
89592099999,0.99,2.08
89606099999,0.08,1.44
91066022701,-2.73,-2.86
91165022536,1.64,0.99
91170022508,-7.25,-6.9
91176022519,-6.85,-5.14
91182022521,2.05,2.06
91190022516,4.25,3.92
91212041415,9.05,4.21
91285021504,-2.86,-0.97
91334040505,1.28,0.49
91366040604,-1.55,-0.81
91413040308,3.51,1.32
91520099999,2.08,1.29
91551099999,2.91,1.03
91554099999,11.37,4.71
91555099999,-1.81,-1.0
91557099999,-3.45,-1.36
91565099999,-0.57,-0.35
91568099999,-7.32,-3.23
91577099999,1.91,1.68
91579099999,6.74,5.38
91582099999,-16.49,-10.15
91583099999,-23.81,-11.26
91587099999,4.41,2.76
91590099999,-1.2,-1.1
91596099999,-4.64,-3.38
91610099999,0.32,0.2
91643080705,-4.39,-1.56
91680099999,-20.31,-8.38
91683099999,12.47,4.53
91753099999,-0.23,-0.1
91754099999,-11.29,-4.65
91762099999,11.17,5.15
91765061705,-3.14,-0.96
91779099999,-4.03,-1.85
91784099999,-3.35,-1.73
91843099999,-5.19,-2.78
91925099999,3.55,2.79
91929099999,1.09,0.7
91938099999,13.49,6.78
91944099999,2.51,1.99
91948099999,2.0,1.44
91954099999,4.7,3.3
91958099999,-0.34,-0.17
92035099999,14.14,8.04
93004099999,-1.68,-1.9
93023099999,-3.19,-2.74
93069099999,0.39,0.54
93110099999,-1.14,-1.39
93186099999,-2.04,-1.77
93196099999,-0.01,-0.01
93245099999,-2.14,-3.23
93292099999,-1.02,-0.98
93309099999,3.27,3.24
93373099999,-5.8,-6.43
93404099999,1.8,2.89
93420099999,3.29,3.93
93439099999,1.58,1.88
93498099999,-4.65,-5.53
93515099999,5.16,5.17
93527099999,0.83,0.89
93546099999,-1.42,-1.5
93597099999,-1.7,-2.72
93614099999,5.75,2.98
93678099999,2.1,2.51
93709099999,1.39,0.78
93773099999,-1.38,-2.14
93781099999,1.91,2.82
93800099999,1.17,0.63
93805099999,-1.41,-1.08
93831099999,-0.04,-0.06
93845099999,-2.19,-3.28
93909099999,-5.67,-7.58
93929099999,3.13,6.41
93947099999,2.14,3.78
93994099999,-0.52,-0.38
94102099999,-3.98,-2.78
94119099999,-3.4,-1.75
94120099999,-2.41,-0.96
94122099999,2.62,2.19
94125099999,-3.46,-1.7
94128099999,-1.04,-0.55
94131099999,-0.31,-0.21
94135099999,-2.88,-1.6
94137099999,-6.19,-3.93
94140099999,-0.48,-0.26
94147099999,6.7,6.12
94150099999,-0.75,-0.39
94152099999,-1.82,-1.29
94170099999,1.87,0.72
94171099999,-2.66,-1.22
94174099999,-0.05,-0.02
94182099999,-6.97,-3.73
94186099999,5.7,2.44
94203099999,7.39,4.86
94204099999,2.35,1.44
94206099999,-2.45,-2.09
94212099999,2.73,2.39
94216099999,0.81,0.58
94217099999,-2.13,-1.76
94232099999,-2.37,-1.95
94238099999,-3.45,-3.27
94248099999,-1.4,-0.67
94255099999,-2.37,-2.81
94268099999,-3.41,-1.58
94285099999,-8.05,-2.73
94287099999,1.23,0.41
94294099999,-6.35,-2.52
94295099999,7.41,4.6
94299099999,-7.2,-3.31
94300099999,-3.01,-4.88
94302099999,-1.84,-2.42
94303099999,0.08,0.1
94306099999,-3.19,-3.68
94312099999,2.84,3.06
94316099999,0.16,0.18
94326099999,-3.41,-4.14
94327099999,0.1,0.15
94328099999,-0.95,-1.1
94332099999,-0.67,-0.74
94335099999,5.53,3.95
94337099999,11.57,10.65
94343099999,-4.64,-4.72
94346099999,-3.46,-4.87
94363099999,-1.19,-1.19
94365099999,-14.46,-6.09
94367099999,-19.9,-8.2
94368099999,-8.73,-3.62
94373099999,3.64,2.24
94374099999,-6.57,-6.67
94376099999,-0.89,-1.01
94380099999,-7.42,-4.26
94381099999,-7.45,-4.25
94387099999,-6.14,-3.8
94388099999,-6.52,-4.88
94403099999,2.09,3.59
94417099999,-0.04,-0.08
94429099999,-0.04,-0.09
94449099999,-3.61,-6.25
94461099999,-0.01,-0.03
94476099999,-1.49,-3.29
94510099999,-7.28,-8.02
94515099999,-4.12,-4.49
94542099999,-2.26,-2.53
94549099999,-2.43,-3.0
94552099999,-0.65,-0.72
94553099999,-1.55,-1.91
94555099999,-0.23,-0.26
94567099999,2.04,1.38
94568099999,-6.37,-6.24
94569099999,-7.79,-3.86
94570099999,-14.39,-6.72
94573099999,-2.48,-1.72
94575099999,-5.56,-4.15
94578099999,0.37,0.23
94580099999,4.51,2.31
94584099999,-10.24,-7.17
94588099999,-5.02,-5.31
94589099999,-5.79,-3.74
94592099999,-5.74,-3.0
94594099999,10.65,9.0
94596099999,3.58,1.75
94600099999,1.68,2.82
94601099999,3.71,4.73
94602099999,2.04,3.54
94603099999,-0.61,-1.19
94605099999,-1.18,-1.72
94608099999,2.57,3.56
94609099999,0.62,0.73
94610099999,-2.24,-3.06
94612099999,-1.64,-2.68
94614099999,1.64,2.18
94631099999,0.32,0.47
94637099999,2.49,4.45
94638099999,-2.32,-3.97
94647099999,-0.43,-0.99
94651099999,-0.44,-1.17
94653099999,-1.36,-3.42
94655099999,-2.66,-8.64
94657099999,1.05,3.35
94658099999,2.81,7.83
94659099999,-1.99,-4.8
94662099999,0.11,0.26
94672099999,-1.53,-3.46
94674099999,-0.24,-0.61
94675099999,-3.68,-7.23
94678099999,-3.69,-5.1
94681099999,-3.81,-9.09
94682099999,-1.5,-3.59
94684099999,-3.02,-6.63
94691099999,-1.6,-4.55
94703099999,-2.63,-3.9
94710099999,-2.97,-5.23
94711099999,-3.18,-4.81
94712099999,-2.85,-3.85
94715099999,-3.38,-6.51
94727099999,-3.5,-4.58
94729099999,-2.9,-5.06
94743099999,9.01,6.33
94749099999,-0.71,-0.42
94750099999,6.69,4.24
94752099999,3.19,3.14
94754099999,-2.38,-2.8
94755099999,3.71,3.29
94763099999,8.78,6.76
94765099999,7.91,6.66
94766099999,-1.07,-0.89
94767099999,5.31,3.37
94768099999,13.2,8.71
94774099999,8.68,7.43
94776099999,3.96,3.14
94786099999,15.38,10.2
94791099999,1.82,0.96
94802099999,2.2,3.0
94804099999,-0.21,-0.43
94809099999,-0.05,-0.13
94811099999,-3.32,-4.39
94813099999,-1.84,-3.65
94817099999,-3.42,-7.65
94821099999,-1.52,-2.85
94822099999,-1.32,-3.08
94826099999,-0.28,-0.5
94827099999,-1.17,-2.64
94828099999,-0.57,-0.81
94829099999,-0.67,-1.48
94830099999,-2.67,-4.84
94835099999,-2.29,-2.98
94836099999,-0.9,-1.87
94840099999,-0.42,-0.73
94842099999,-0.13,-0.2
94843099999,-2.48,-5.1
94846099999,0.14,0.2
94850099999,1.61,2.97
94852099999,-0.73,-1.19
94854099999,-0.71,-1.33
94855099999,-0.85,-1.45
94857099999,-2.52,-4.24
94859099999,-0.21,-0.34
94860099999,-2.28,-3.22
94863099999,-0.99,-1.5
94864099999,2.67,4.15
94865099999,-1.27,-2.2
94870099999,-4.59,-7.94
94872099999,0.76,0.81
94874099999,-3.49,-4.96
94875099999,-1.02,-1.91
94878099999,-4.16,-3.96
94881099999,0.35,0.52
94889099999,0.39,0.59
94891099999,-0.16,-0.28
94892099999,-0.43,-0.79
94893099999,1.56,1.81
94894099999,-6.83,-8.27
94898099999,-2.0,-3.5
94903099999,1.72,1.3
94906099999,-1.54,-1.21
94907099999,0.59,1.08
94910099999,-1.45,-2.32
94913099999,-3.68,-4.58
94914099999,-2.53,-2.65
94919099999,-4.11,-5.24
94921099999,1.12,1.58
94925099999,-0.5,-0.54
94926099999,-2.11,-2.99
94927099999,5.59,6.33
94929099999,-1.17,-1.61
94930099999,-7.14,-7.73
94933099999,1.32,1.4
94935099999,-1.94,-2.05
94938099999,3.19,2.11
94939099999,0.89,0.94
94953099999,-1.55,-2.53
94954099999,-4.01,-7.57
94955099999,4.73,4.93
94956099999,-0.42,-0.56
94957099999,2.11,3.8
94960099999,0.08,0.12
94962099999,-0.87,-1.31
94970099999,0.95,1.29
94975099999,0.78,1.48
94977099999,0.23,0.34
94980099999,0.03,0.05
94983099999,0.31,0.41
94995099999,-13.38,-11.06
94998099999,-1.25,-3.06
95205099999,6.53,3.41
95296099999,7.17,3.26
95307099999,-1.1,-0.95
95448099999,0.62,1.29
95458099999,-2.1,-5.27
95481099999,-1.05,-2.48
95527099999,-3.33,-3.99
95551099999,1.23,1.17
95572099999,-13.61,-7.55
95610099999,2.19,1.99
95611099999,1.56,2.41
95612099999,-1.24,-1.79
95625099999,3.62,8.39
95629099999,2.09,4.76
95634099999,2.66,5.32
95635099999,-1.63,-3.28
95636099999,-0.79,-1.81
95638099999,1.16,2.45
95646099999,-1.62,-3.53
95662099999,-0.42,-1.09
95664099999,0.71,1.85
95666099999,-1.55,-3.58
95667099999,-2.8,-4.35
95676099999,-3.46,-7.13
95677099999,-0.98,-2.04
95678099999,3.91,10.48
95687099999,-3.28,-8.83
95708099999,-2.82,-4.25
95715099999,-3.81,-5.83
95716099999,0.92,1.22
95719099999,-1.05,-1.43
95726099999,0.95,1.23
95753099999,3.81,3.63
95758099999,-2.84,-4.22
95765099999,8.67,5.62
95770099999,9.02,6.11
95771099999,-3.83,-4.14
95773099999,-1.11,-1.28
95774099999,5.11,3.04
95806099999,-0.6,-1.43
95807099999,-1.31,-2.75
95835099999,-2.31,-5.24
95837099999,-0.82,-1.18
95867099999,-3.16,-4.96
95896099999,-1.88,-2.56
95909099999,2.61,2.16
95913099999,-3.08,-2.48
95916099999,0.23,0.23
95931099999,-2.74,-2.32
95957099999,-0.95,-1.49
95960099999,0.95,1.72
95979099999,5.82,4.76
96001099999,1.16,0.9
96009099999,0.27,0.29
96011099999,13.23,9.67
96015099999,14.15,8.57
96033099999,-0.87,-0.75
96035099999,1.98,1.36
96073099999,1.12,0.62
96075099999,-1.26,-1.15
96091099999,-7.38,-4.58
96109099999,1.21,1.04
96145099999,7.04,4.71
96163099999,-5.13,-2.19
96171099999,-0.02,-0.01
96179099999,-0.94,-0.73
96221099999,-2.92,-2.47
96237099999,-0.09,-0.06
96249099999,6.74,4.36
96253099999,1.58,0.96
96295099999,-0.26,-0.29
96315099999,-9.85,-5.18
96413099999,-4.83,-1.51
96421099999,0.15,0.06
96441099999,0.92,0.41
96449099999,4.23,2.37
96465099999,-4.02,-1.88
96471099999,1.6,0.69
96481099999,-0.63,-0.45
96491099999,-25.85,-10.72
96509099999,15.63,12.06
96559099999,3.96,3.48
96581099999,0.72,0.47
96595099999,2.07,2.75
96607099999,-0.57,-0.46
96633099999,-2.26,-2.15
96645099999,3.76,2.77
96655099999,-8.7,-6.13
96685099999,-2.43,-2.12
96739099999,8.53,6.61
96749099999,-0.76,-0.68
96751099999,-6.57,-3.92
96791099999,0.85,0.45
96797099999,0.95,0.75
96805099999,0.33,0.19
96839099999,4.61,3.9
96925099999,-1.49,-1.04
96935099999,7.26,4.86
96937099999,-4.12,-3.63
96973099999,4.95,5.22
96987099999,-1.91,-1.54
97008099999,5.21,2.87
97014099999,-6.0,-4.16
97016099999,5.19,4.78
97048099999,-7.5,-8.11
97072099999,0.37,0.61
97086099999,-0.41,-0.48
97120099999,-3.52,-2.76
97126099999,-2.56,-1.35
97180099999,10.01,4.61
97192099999,1.81,1.72
97230099999,-2.64,-1.9
97240099999,9.39,7.78
97260099999,3.01,2.52
97270099999,-4.24,-5.25
97300099999,0.9,0.88
97340099999,-3.66,-3.65
97372099999,-11.16,-5.91
97430099999,2.89,2.43
97560099999,-2.87,-2.25
97600099999,-2.11,-2.43
97722099999,0.58,0.35
97724099999,-14.04,-6.91
97900099999,5.25,4.08
98132099999,-6.71,-2.74
98222099999,-4.96,-1.59
98223099999,-14.69,-4.81
98232099999,1.5,0.71
98233099999,-3.58,-1.8
98324099999,4.89,1.11
98325099999,-4.16,-1.43
98328099999,-15.16,-3.53
98336099999,0.24,0.07
98425099999,-5.62,-2.11
98426041231,-6.34,-1.42
98427099999,5.01,1.82
98429099999,6.16,3.95
98430099999,-17.57,-7.64
98431099999,-8.76,-4.05
98432099999,8.66,3.76
98434099999,-4.51,-1.42
98435099999,-11.99,-4.27
98440099999,-20.54,-7.72
98444099999,-21.69,-7.99
98446099999,-3.06,-1.03
98531099999,-0.5,-0.21
98536099999,-6.24,-2.55
98538099999,-6.77,-3.68
98543099999,-7.58,-3.73
98546099999,0.16,0.05
98548099999,-0.45,-0.19
98550099999,-13.82,-7.16
98558099999,-9.05,-3.54
98618099999,-0.71,-0.48
98630099999,1.61,1.04
98642099999,-6.93,-4.69
98644099999,2.04,1.6
98646099999,-13.57,-8.31
98653099999,-6.0,-1.99
98741099999,1.81,1.11
98751099999,0.4,0.23
98752099999,-0.99,-0.56
98753099999,5.2,3.66
98755099999,-11.9,-3.37
98836099999,-2.89,-2.23
99407099999,-1.52,-64.61
99408099999,-1.46,-78.09
99409099999,-0.08,-39.75
99411099999,-1.07,-57.78
99416099999,-3.29,-76.66
99418099999,-0.08,-30.51
99419099999,-0.03,-10.09
99421099999,-0.07,-18.66
99422099999,-0.97,-56.7
99423099999,-3.03,-86.07
99425099999,-0.89,-81.37
99426099999,-1.87,-96.9
99427099999,-3.03,-76.36
99428099999,-1.17,-8.84
99433099999,-2.2,-70.97
99434099999,-0.95,-75.67
99435099999,-0.1,-38.28
99439099999,-1.31,-76.04
99440099999,-1.17,-83.46
99441099999,-2.44,-78.03
99442099999,-0.59,-61.31
99443099999,-0.83,-59.88
D15,0.59,0.96
D20,-0.33,-0.43
D21,1.31,1.17
D22,0.18,0.23
D23,-0.9,-1.42
D41,-0.56,-0.97
D44,0.08,0.12
D53,0.33,0.57
D57,-0.28,-0.34
D64,-1.47,-2.76
D73,-1.52,-2.1
D78,-0.71,-1.06
D79,0.42,0.75
D87,1.49,2.84
D91,0.32,0.53
D150,0.38,0.79
D211,0.55,0.91
D257,0.88,0.86
D259,-2.88,-3.63
D270,1.51,1.1
D277,-0.88,-1.23
D279,1.17,1.62
D357,-0.98,-1.36
D476,0.61,1.12
D488,-2.32,-3.32
D529,-2.61,-4.49
D552,1.04,1.24
D590,-0.09,-0.16
D611,-0.21,-0.29
D839,-1.41,-2.35
D911,-0.63,-1.07
D1030,-0.98,-1.39
D1056,-0.22,-0.32
D2419,-3.39,-5.26
D2431,-0.37,-0.68
D2446,-0.82,-1.62
D2449,-1.42,-2.7
D2452,-2.34,-3.73
D2462,-0.8,-1.12
D2463,-2.25,-3.12
D2472,0.35,0.65
D2473,-1.89,-3.18
D2480,0.32,0.54
D2481,-0.51,-0.88
D2530,-0.57,-0.7
D2541,0.7,0.82
D2792,-0.09,-0.12
D2802,-0.71,-0.81
D3621,-1.59,-2.63
D3625,0.46,0.48
D5195,0.18,0.35
D5196,-0.98,-1.45
D5201,-2.19,-3.97
D5246,-0.54,-0.78
D5364,0.27,0.42
D5750,-0.96,-1.53
D5753,0.59,0.84
D5927,0.53,0.47
